7f000001:e83e	8897:0	516118092	517147935	2	316481
7f000001:e83e	8897:1	516633637	517770816	3	943067
7f000001:e83e	8897:2	516794627	518039112	2	760060
7f000001:e83e	8897:3	517209390	519189556	3	1155786
7f000001:e83e	8897:4	517978354	519664759	4	1016938
7f000001:e83e	8897:5	517989953	521076871	3	1008525
7f000001:e83e	8897:6	518594973	521401110	3	792139
7f000001:e83e	8897:7	519163195	522317794	3	1196761
7f000001:e83e	8897:8	519736316	523068817	2	720122
7f000001:e83e	8897:9	521144908	524275963	3	779295
7f000001:e83e	8897:10	522342283	524774688	4	926521
7f000001:e83e	8897:11	522350451	526120347	5	1726186
7f000001:e83e	8897:12	523093974	526869860	4	1482464
7f000001:e83e	8897:13	524257391	528220803	6	3107981
7f000001:e83e	8897:14	524764970	529654986	6	3020285
7f000001:e83e	8897:15	524769985	530702676	8	3123141
7f000001:e83e	8897:16	526155851	532764815	8	2811482
7f000001:e83e	8897:17	526165616	533058363	9	2811840
7f000001:e83e	8897:18	526377535	534611320	9	3250031
7f000001:e83e	8897:19	527782044	535790150	10	2723467
7f000001:e83e	8897:20	528383272	536174151	10	2521476
7f000001:e83e	8897:21	528648220	536478731	9	2378620
7f000001:e83e	8897:22	528840759	537080892	9	2388147
7f000001:e83e	8897:23	529932767	537737588	8	2223758
7f000001:e83e	8897:24	530943541	539275594	8	2311714
7f000001:e83e	8897:25	531241122	540340411	9	2303232
7f000001:e83e	8897:26	532807314	541084113	9	1942851
7f000001:e83e	8897:27	533172073	541434463	9	3726839
7f000001:e83e	8897:28	533477233	541785786	9	3672288
7f000001:e83e	8897:29	535782192	542137244	9	3918416
7f000001:e83e	8897:30	536323092	542544184	9	3961549
7f000001:e83e	8897:31	537403720	543163773	9	4140489
7f000001:e83e	8897:32	537825904	543559314	9	3991137
7f000001:e83e	8897:33	539206656	544065863	9	4187853
7f000001:e83e	8897:34	539877666	545175254	9	4866299
7f000001:e83e	8897:35	540802412	547786740	9	4650372
7f000001:e83e	8897:36	541173462	548351363	12	4196327
7f000001:e83e	8897:37	541491869	549398120	11	4107570
7f000001:e83e	8897:38	542087097	549717531	11	3919215
7f000001:e83e	8897:39	542399989	550217568	10	3835365
7f000001:e83e	8897:40	542996390	550607037	10	4334162
7f000001:e83e	8897:41	543504877	551715966	10	4565483
7f000001:e83e	8897:42	543908460	552905755	10	4366121
7f000001:e83e	8897:43	545040765	553604043	10	3544905
7f000001:e83e	8897:44	545320192	554565171	10	3572980
7f000001:e83e	8897:45	546197500	555778946	12	4343640
7f000001:e83e	8897:46	546824922	556615370	12	4097261
7f000001:e83e	8897:47	547493654	557365511	13	4439069
7f000001:e83e	8897:48	548454448	557749359	13	5129097
7f000001:e83e	8897:49	549936728	559869492	12	5009524
7f000001:e83e	8897:50	550273530	560597083	13	4558350
7f000001:e83e	8897:51	551494070	560970568	13	4256719
7f000001:e83e	8897:52	552575558	561280251	12	4186369
7f000001:e83e	8897:53	553401214	561720673	13	4776065
7f000001:e83e	8897:54	553780968	563216483	12	4473826
7f000001:e83e	8897:55	554130758	563469569	14	3810464
7f000001:e83e	8897:56	554432348	564665997	14	4107342
7f000001:e83e	8897:57	555334565	565514860	14	3845171
7f000001:e83e	8897:58	555864838	566107767	14	3980808
7f000001:e83e	8897:59	556238124	566863978	14	3890453
7f000001:e83e	8897:60	557365960	568780309	16	4384818
7f000001:e83e	8897:61	557942770	569288523	17	3931210
7f000001:e83e	8897:62	558375002	569525877	17	3654434
7f000001:e83e	8897:63	560093080	570199249	17	4900218
7f000001:e83e	8897:64	561183379	570911695	16	4753718
7f000001:e83e	8897:65	561219403	571974570	17	4942953
7f000001:e83e	8897:66	561825109	572199678	16	4771381
7f000001:e83e	8897:67	562794709	572907880	16	5903262
7f000001:e83e	8897:68	563133028	573232474	15	5695014
7f000001:e83e	8897:69	563393162	573922760	15	5621161
7f000001:e83e	8897:70	563746763	574221798	15	5968630
7f000001:e83e	8897:71	564748237	575074055	15	6293429
7f000001:e83e	8897:72	565890391	575753806	16	7202681
7f000001:e83e	8897:73	566202120	576870975	16	8109412
7f000001:e83e	8897:74	566450362	578567508	16	7983199
7f000001:e83e	8897:75	566788710	578964917	16	7796507
7f000001:e83e	8897:76	568260728	579670803	17	8297986
7f000001:e83e	8897:77	568643677	580419581	17	8455698
7f000001:e83e	8897:78	569212043	580794083	16	8393305
7f000001:e83e	8897:79	569476061	582558374	16	8358596
7f000001:e83e	8897:80	570383123	583383608	16	7660178
7f000001:e83e	8897:81	570712412	583795700	16	7190635
7f000001:e83e	8897:82	572169178	585683605	17	8720076
7f000001:e83e	8897:83	573017472	586205222	17	7727838
7f000001:e83e	8897:84	573295375	587688400	16	7639186
7f000001:e83e	8897:85	574214810	588378946	17	8533663
7f000001:e83e	8897:86	574469305	588887594	18	8795594
7f000001:e83e	8897:87	575022730	590900345	18	8560056
7f000001:e83e	8897:88	575319344	592826715	19	7835838
7f000001:e83e	8897:89	575823322	593080883	21	7688554
7f000001:e83e	8897:90	576931137	593535594	20	7623818
7f000001:e83e	8897:91	578950406	594630601	21	8276647
7f000001:e83e	8897:92	578959418	595856846	21	8263100
7f000001:e83e	8897:93	579654468	596694462	24	8365751
7f000001:e83e	8897:94	580783540	596930801	24	8768663
7f000001:e83e	8897:95	581529532	597715380	23	8766241
7f000001:e83e	8897:96	582848648	598010524	24	9458241
7f000001:e83e	8897:97	583396733	599221271	24	9558217
7f000001:e83e	8897:98	583788647	601233740	24	9134507
7f000001:e83e	8897:99	585433508	601778015	24	8056231
7f000001:e83e	8897:100	586217806	602645488	25	8278255
7f000001:e83e	8897:101	586538955	604425237	26	8244413
7f000001:e83e	8897:102	588196701	605224880	27	7585257
7f000001:e83e	8897:103	588204147	606003644	27	7301073
7f000001:e83e	8897:104	588652195	606539671	28	7097392
7f000001:e83e	8897:105	589828350	607007061	27	6978341
7f000001:e83e	8897:106	590850116	607974031	27	6996865
7f000001:e83e	8897:107	591349408	609448664	26	6762676
7f000001:e83e	8897:108	591686627	609839997	27	6335199
7f000001:e83e	8897:109	592735885	610365771	26	6307147
7f000001:e83e	8897:110	593088508	610745528	26	6441898
7f000001:e83e	8897:111	593393146	611822221	25	6264233
7f000001:e83e	8897:112	593763919	612646324	26	6281688
7f000001:e83e	8897:113	594740511	613375341	25	6171456
7f000001:e83e	8897:114	595045799	614570678	25	6122835
7f000001:e83e	8897:115	595469628	614868938	24	5831945
7f000001:e83e	8897:116	595833909	615670024	23	5794510
7f000001:e83e	8897:117	596100262	616987692	23	5890481
7f000001:e83e	8897:118	596972941	618237314	24	5297554
7f000001:e83e	8897:119	597451990	618801073	25	5688132
7f000001:e83e	8897:120	597799995	619328170	26	5490632
7f000001:e83e	8897:121	599120309	619728893	26	5534466
7f000001:e83e	8897:122	600153689	620274388	26	6078434
7f000001:e83e	8897:123	601370781	620625437	25	5926289
7f000001:e83e	8897:124	601738862	621750719	25	5853212
7f000001:e83e	8897:125	602054972	622190135	25	5522878
7f000001:e83e	8897:126	602366131	623041339	25	5269588
7f000001:e83e	8897:127	602718796	623918634	24	4935487
7f000001:e83e	8897:128	604140698	624304393	24	4805245
7f000001:e83e	8897:129	604762841	624740818	25	5141347
7f000001:e83e	8897:130	605398710	625100261	24	5078763
7f000001:e83e	8897:131	605835452	633840693	23	4972721
7f000001:e83e	8897:132	606570462	634296092	23	4966267
7f000001:e83e	8897:133	608001786	635271429	23	5723125
7f000001:e83e	8897:134	608495055	636133305	23	6501848
7f000001:e83e	8897:135	609898231	637258665	25	6906843
7f000001:e83e	8897:136	610858118	637994977	24	6649277
7f000001:e83e	8897:137	611813952	638850400	24	6684967
7f000001:e83e	8897:138	613358841	640389940	26	7468709
7f000001:e83e	8897:139	614932067	641206012	25	7195121
7f000001:e83e	8897:140	615683649	641593156	25	7184753
7f000001:e83e	8897:141	616530869	642033021	24	6997068
7f000001:e83e	8897:142	617000836	642766969	24	7004660
7f000001:e83e	8897:143	617716960	645019806	24	7044734
7f000001:e83e	8897:144	618250753	645335616	26	6393485
7f000001:e83e	8897:145	618549731	645754610	25	6376017
7f000001:e83e	8897:146	618856290	646796580	24	6374918
7f000001:e83e	8897:147	619380171	647861823	25	6561642
7f000001:e83e	8897:148	620330025	648803999	26	6754585
7f000001:e83e	8897:149	620838973	649152423	26	6843985
7f000001:e83e	8897:150	622177170	650007321	26	7113574
7f000001:e83e	8897:151	623464958	650332240	25	7111532
7f000001:e83e	8897:152	624292667	650526173	25	7023081
7f000001:e83e	8897:153	624299810	658164354	24	6961757
7f000001:e83e	8897:154	625162487	658407229	24	7687037
7f000001:e83e	8897:155	633929854	659631370	23	7680322
7f000001:e83e	8897:156	634484956	661468351	23	6866992
7f000001:e83e	8897:157	635563376	662162556	22	5941039
7f000001:e83e	8897:158	636123973	662514247	22	6092979
7f000001:e83e	8897:159	636129222	663470653	21	6081375
7f000001:e83e	8897:160	637285443	663963781	22	6022191
7f000001:e83e	8897:161	638183119	664851051	22	6012952
7f000001:e83e	8897:162	638765297	665541759	21	5837744
7f000001:e83e	8897:163	638774489	666601123	22	6063157
7f000001:e83e	8897:164	640891588	667208673	22	5554257
7f000001:e83e	8897:165	641770741	667504737	22	5490848
7f000001:e83e	8897:166	642284787	668787621	22	5756542
7f000001:e83e	8897:167	642891117	669154438	22	5627802
7f000001:e83e	8897:168	643555891	670131232	21	5624863
7f000001:e83e	8897:169	644679274	670595347	22	6734476
7f000001:e83e	8897:170	645936537	671505996	24	7239488
7f000001:e83e	8897:171	645946705	671788685	23	6957293
7f000001:e83e	8897:172	647300711	672343029	22	6867351
7f000001:e83e	8897:173	647838885	673254453	21	6666936
7f000001:e83e	8897:174	648407932	673508567	20	6111958
7f000001:e83e	8897:175	648961044	674194752	19	6019383
7f000001:e83e	8897:176	650326361	674430918	18	5737009
7f000001:e83e	8897:177	657856948	676123118	17	5661406
7f000001:e83e	8897:178	659403501	676358948	16	4651691
7f000001:e83e	8897:179	661783139	678869717	15	4575650
7f000001:e83e	8897:180	662917747	680067833	14	4183209
7f000001:e83e	8897:181	663390547	680243335	14	3855327
7f000001:e83e	8897:182	663863722	680845300	13	3854733
7f000001:e83e	8897:183	665173998	681463451	14	4324649
7f000001:e83e	8897:184	665520307	681985425	14	4383410
7f000001:e83e	8897:185	666079954	682308606	15	4944911
7f000001:e83e	8897:186	666661390	682608891	15	5052358
7f000001:e83e	8897:187	667266297	683347156	15	5082623
7f000001:e83e	8897:188	667570739	683557955	15	4894358
7f000001:e83e	8897:189	669166853	683867998	15	5001719
7f000001:e83e	8897:190	669445218	686629773	15	5148968
7f000001:e83e	8897:191	670201205	686965187	18	4437165
7f000001:e83e	8897:192	670559558	687718622	17	4319957
7f000001:e83e	8897:193	670589810	687966752	18	4218401
7f000001:e83e	8897:194	679071638	688331962	17	4170050
7f000001:e83e	8897:195	680347409	688785839	17	4250511
7f000001:e83e	8897:196	680839701	689756897	17	4063268
7f000001:e83e	8897:197	681079015	690407440	16	3536469
7f000001:e83e	8897:198	681471235	690986665	17	3892787
7f000001:e83e	8897:199	681809976	692025415	17	4850083
7f000001:e83e	8897:200	682133465	692461048	17	4655383
7f000001:e83e	8897:201	682443338	692865651	18	4803733
7f000001:e83e	8897:202	682939085	693262518	17	4668901
7f000001:e83e	8897:203	683389086	693796091	17	4888739
7f000001:e83e	8897:204	683711977	694426023	16	4719184
7f000001:e83e	8897:205	684217804	694676082	16	4694621
7f000001:e83e	8897:206	684750154	695364830	16	4803524
7f000001:e83e	8897:207	685073470	696892415	15	4641752
7f000001:e83e	8897:208	685196081	697322914	15	4275533
7f000001:e83e	8897:209	686974542	697670343	15	5296115
7f000001:e83e	8897:210	687711754	698648703	14	5258780
7f000001:e83e	8897:211	688326013	698909122	17	6507095
7f000001:e83e	8897:212	688576353	699142448	16	6419116
7f000001:e83e	8897:213	689820799	700348169	15	6330768
7f000001:e83e	8897:214	690210470	700981087	15	5826994
7f000001:e83e	8897:215	690979859	703769791	15	6204559
7f000001:e83e	8897:216	691418540	704400476	17	5344739
7f000001:e83e	8897:217	692079066	704841802	17	5015149
7f000001:e83e	8897:218	692259583	705108524	17	5290392
7f000001:e83e	8897:219	693058462	706133618	16	5164411
7f000001:e83e	8897:220	693844233	707758399	16	4833546
7f000001:e83e	8897:221	694479440	708188575	16	4906153
7f000001:e83e	8897:222	695373807	708398391	16	4809735
7f000001:e83e	8897:223	697088786	710346075	15	4804281
7f000001:e83e	8897:224	697688685	710953648	19	4470856
7f000001:e83e	8897:225	697694364	711323002	20	4657547
7f000001:e83e	8897:226	697977132	712169126	20	5003725
7f000001:e83e	8897:227	698481505	713652354	20	4714456
7f000001:e83e	8897:228	700024115	713895444	21	4388707
7f000001:e83e	8897:229	700887460	714779575	21	4973519
7f000001:e83e	8897:230	701338172	715391737	21	4672815
7f000001:e83e	8897:231	702265872	715990095	22	4819380
7f000001:e83e	8897:232	703374084	716283270	22	4938481
7f000001:e83e	8897:233	704205029	716516657	22	4950251
7f000001:e83e	8897:234	704790519	717214582	21	4898249
7f000001:e83e	8897:235	705437424	717455136	22	4524915
7f000001:e83e	8897:236	706196720	717910519	21	4451187
7f000001:e83e	8897:237	707825584	718119817	21	4207062
7f000001:e83e	8897:238	708408727	719345078	20	4191758
7f000001:e83e	8897:239	708411729	719689699	19	3998433
7f000001:e83e	8897:240	708503655	719914015	18	3946541
7f000001:e83e	8897:241	708902585	720414951	17	3908075
7f000001:e83e	8897:242	710153767	721265737	18	4123031
7f000001:e83e	8897:243	710649212	722833869	19	4600847
7f000001:e83e	8897:244	710653122	723084507	18	3970910
7f000001:e83e	8897:245	711094447	723844974	17	3932864
7f000001:e83e	8897:246	711590979	725267716	18	4044775
7f000001:e83e	8897:247	712177304	725844421	19	5151898
7f000001:e83e	8897:248	712544193	726073798	19	5118043
7f000001:e83e	8897:249	713696552	728763951	19	5324346
7f000001:e83e	8897:250	714213517	729248694	21	5695678
7f000001:e83e	8897:251	714834319	729639753	20	5469619
7f000001:e83e	8897:252	715378778	730244804	20	6462420
7f000001:e83e	8897:253	715982365	730979935	20	6198849
7f000001:e83e	8897:254	716278453	731150941	20	6252156
7f000001:e83e	8897:255	716745544	731502432	19	6213079
7f000001:e83e	8897:256	717187596	731859952	20	7582241
7f000001:e83e	8897:257	717729780	732013398	19	7561983
7f000001:e83e	8897:258	720079893	732223777	18	7533412
7f000001:e83e	8897:259	720090964	733211409	19	8277064
7f000001:e83e	8897:260	720727284	743915332	20	8348727
7f000001:e83e	8897:261	720736191	745570794	21	8279150
7f000001:e83e	8897:262	723211314	746249029	21	7756123
7f000001:e83e	8897:263	723221749	746763906	21	8052236
7f000001:e83e	8897:264	724192776	748581589	21	8370713
7f000001:e83e	8897:265	724621718	748981275	22	7541179
7f000001:e83e	8897:266	725361533	766970633	21	7315059
7f000001:e83e	8897:267	725954069	768128089	22	7663774
7f000001:e83e	8897:268	726670609	769285496	21	7431467
7f000001:e83e	8897:269	727286150	769681569	21	7285063
7f000001:e83e	8897:270	728735699	770893935	20	7278074
7f000001:e83e	8897:271	729298697	772988227	21	7905755
7f000001:e83e	8897:272	730014243	773287354	21	7126105
7f000001:e83e	8897:273	730253412	774742580	21	8487809
7f000001:e83e	8897:274	731197133	840269743	23	9858601
7f000001:e83e	8897:275	731200645	841270000	22	8746421
7f000001:e83e	8897:276	732094224	843265446	21	8410498
7f000001:e83e	8897:277	732100533	843971440	21	8175965
7f000001:e83e	8897:278	732347417	845259297	20	7927461
7f000001:e83e	8897:279	732833067	845761180	19	7450866
7f000001:e83e	8897:280	733298740	847707918	18	7425682
7f000001:e83e	8897:281	743804323	848159380	20	8164403
7f000001:e83e	8897:282	744410430	848991794	20	8227280
7f000001:e83e	8897:283	745997939	850060427	20	8310357
7f000001:e83e	8897:284	746674512	851806701	19	7721284
7f000001:e83e	8897:285	747379385	852422578	20	7565068
7f000001:e83e	8897:286	748399078	853024447	20	7413362
7f000001:e83e	8897:287	749087104	853594742	19	7385001
7f000001:e83e	8897:288	749319442	854024783	20	9562192
7f000001:e83e	8897:289	769252045	854519799	20	9630970
7f000001:e83e	8897:290	770872670	855474474	21	10271685
7f000001:e83e	8897:291	770885766	856996672	21	10449602
7f000001:e83e	8897:292	771572546	857594486	23	11560767
7f000001:e83e	8897:293	773274880	859717822	23	11450065
7f000001:e83e	8897:294	773424831	860236421	24	10647009
7f000001:e83e	8897:295	774717840	861805952	23	10435629
7f000001:e83e	8897:296	774731541	862378668	25	9743183
7f000001:e83e	8897:297	843234524	863148175	25	10285952
7f000001:e83e	8897:298	845839329	864092601	25	10227159
7f000001:e83e	8897:299	845851364	864649135	26	10132671
7f000001:e83e	8897:300	845853376	865674273	26	9988003
7f000001:e83e	8897:301	848145975	866118642	25	9853533
7f000001:e83e	8897:302	848385433	866601253	25	9796181
7f000001:e83e	8897:303	850083043	867353428	24	9678107
7f000001:e83e	8897:304	851199314	868125108	25	9673388
7f000001:e83e	8897:305	852064095	868968109	25	9988875
7f000001:e83e	8897:306	853128324	878904005	25	10191666
7f000001:e83e	8897:307	853160103	879487404	25	8500974
7f000001:e83e	8897:308	853667534	879966474	24	8180481
7f000001:e83e	8897:309	854247607	881047517	23	7920227
7f000001:e83e	8897:310	854497936	881819546	23	7794454
7f000001:e83e	8897:311	855360397	883286898	24	8190738
7f000001:e83e	8897:312	855872839	884737185	24	7590641
7f000001:e83e	8897:313	856850039	884966636	25	7172041
7f000001:e83e	8897:314	856944021	887041966	24	7171368
7f000001:e83e	8897:315	857268282	887856313	25	6100124
7f000001:e83e	8897:316	857736506	888421972	24	5983445
7f000001:e83e	8897:317	859369460	889313360	24	6017447
7f000001:e83e	8897:318	860375621	890803261	24	5815977
7f000001:e83e	8897:319	860809079	893860503	24	5617822
7f000001:e83e	8897:320	861683014	894798880	24	5798779
7f000001:e83e	8897:321	862197755	895914448	23	5715584
7f000001:e83e	8897:322	862836770	896771433	25	5459873
7f000001:e83e	8897:323	863611338	897719506	24	5166023
7f000001:e83e	8897:324	864011515	898410257	24	4775802
7f000001:e83e	8897:325	864518959	899027238	24	4958163
7f000001:e83e	8897:326	865984966	899562247	24	4995864
7f000001:e83e	8897:327	867304507	899877225	24	5133590
7f000001:e83e	8897:328	867320955	903726156	24	5225398
7f000001:e83e	8897:329	867967675	904735502	23	5000644
7f000001:e83e	8897:330	868686725	905533755	24	5275186
7f000001:e83e	8897:331	869100458	906490596	23	5023410
7f000001:e83e	8897:332	880006006	907385386	23	4717991
7f000001:e83e	8897:333	881500551	907846312	23	4680628
7f000001:e83e	8897:334	881509597	909167733	23	4505851
7f000001:e83e	8897:335	882159688	910139153	23	4196026
7f000001:e83e	8897:336	883315521	910756069	24	4590008
7f000001:e83e	8897:337	883761060	911195977	24	4635403
7f000001:e83e	8897:338	885342052	911843378	24	4823482
7f000001:e83e	8897:339	887025755	912297277	23	4552531
7f000001:e83e	8897:340	887865677	912983838	23	4634363
7f000001:e83e	8897:341	888475797	913666630	23	5170026
7f000001:e83e	8897:342	889420930	914149373	24	5050916
7f000001:e83e	8897:343	890905470	915153337	23	4963751
7f000001:e83e	8897:344	895133037	915787081	24	5062213
7f000001:e83e	8897:345	895145453	916335980	24	5601984
7f000001:e83e	8897:346	895886009	917201872	24	5879105
7f000001:e83e	8897:347	897081312	917429941	25	5934151
7f000001:e83e	8897:348	897989399	918835719	24	5908610
7f000001:e83e	8897:349	898539410	919271144	24	5808997
7f000001:e83e	8897:350	899108115	920087087	24	6321146
7f000001:e83e	8897:351	899701383	920727289	23	6115956
7f000001:e83e	8897:352	903886971	921064100	23	6644569
7f000001:e83e	8897:353	904348290	922173920	22	6510373
7f000001:e83e	8897:354	905696321	923265108	23	6191628
7f000001:e83e	8897:355	906637018	923813508	22	5976184
7f000001:e83e	8897:356	907701233	924231189	22	5746056
7f000001:e83e	8897:357	908136430	925380489	22	5966939
7f000001:e83e	8897:358	909287199	926107607	22	5909286
7f000001:e83e	8897:359	909714063	926482798	22	5589804
7f000001:e83e	8897:360	910531551	927036815	22	5754779
7f000001:e83e	8897:361	911035565	928083939	22	6210004
7f000001:e83e	8897:362	912107656	928689695	21	5935020
7f000001:e83e	8897:363	912716346	930722272	21	5968553
7f000001:e83e	8897:364	913119422	931158029	22	5474362
7f000001:e83e	8897:365	913474733	931364470	22	5490587
7f000001:e83e	8897:366	914156550	931910652	22	5470609
7f000001:e83e	8897:367	915008523	932828706	22	5382616
7f000001:e83e	8897:368	915595053	934893292	23	6029427
7f000001:e83e	8897:369	916115105	942037075	23	5308702
7f000001:e83e	8897:370	916801478	942846961	24	6115803
7f000001:e83e	8897:371	917144949	943355340	24	6391930
7f000001:e83e	8897:372	917710110	943847865	24	6380788
7f000001:e83e	8897:373	919050226	944827755	23	6245786
7f000001:e83e	8897:374	920729265	946213621	23	5864436
7f000001:e83e	8897:375	921329593	946810144	24	5836518
7f000001:e83e	8897:376	921776920	947283285	24	5732693
7f000001:e83e	8897:377	923490164	947713179	23	5630478
7f000001:e83e	8897:378	923994097	948420806	23	6169230
7f000001:e83e	8897:379	924391073	948940097	24	6884896
7f000001:e83e	8897:380	925762368	949448929	24	7109974
7f000001:e83e	8897:381	926287471	950031118	24	7326323
7f000001:e83e	8897:382	926665162	951364968	24	7207064
7f000001:e83e	8897:383	928266899	951787678	24	6640080
7f000001:e83e	8897:384	928757947	952267462	24	6712021
7f000001:e83e	8897:385	929203594	953292945	24	6691845
7f000001:e83e	8897:386	930796943	953751148	24	6957484
7f000001:e83e	8897:387	931185774	953956160	23	6860185
7f000001:e83e	8897:388	931622694	954430821	23	6904476
7f000001:e83e	8897:389	932417745	955212531	22	6804959
7f000001:e83e	8897:390	932820002	956128284	22	7082846
7f000001:e83e	8897:391	934796564	956595604	22	6835981
7f000001:e83e	8897:392	934921166	958232600	22	8075679
7f000001:e83e	8897:393	941634896	959037467	23	7481313
7f000001:e83e	8897:394	942346119	960157281	24	7361167
7f000001:e83e	8897:395	943059888	960531880	24	7430575
7f000001:e83e	8897:396	943950756	961111841	24	7530517
7f000001:e83e	8897:397	944927495	961720514	24	8889625
7f000001:e83e	8897:398	945766434	962484293	24	9092867
7f000001:e83e	8897:399	946603179	962829941	24	8822596
7f000001:e83e	8897:400	947292994	963798072	24	8946081
7f000001:e83e	8897:401	947939457	964717998	25	8799514
7f000001:e83e	8897:402	948262875	965700453	25	9561061
7f000001:e83e	8897:403	948923386	966364218	25	8963346
7f000001:e83e	8897:404	949316728	967800688	25	9026015
7f000001:e83e	8897:405	949814986	968240833	25	9799731
7f000001:e83e	8897:406	950445977	968682687	25	9810672
7f000001:e83e	8897:407	951505752	969690916	25	10226290
7f000001:e83e	8897:408	951931576	970132607	24	10003031
7f000001:e83e	8897:409	952299557	970854918	24	10063178
7f000001:e83e	8897:410	953856896	971293363	23	9718589
7f000001:e83e	8897:411	954862281	972475653	24	9943284
7f000001:e83e	8897:412	955711152	973188418	24	9562852
7f000001:e83e	8897:413	956272681	975313866	24	9308198
7f000001:e83e	8897:414	956617503	976013280	27	8688859
7f000001:e83e	8897:415	956979541	976441272	26	8650725
7f000001:e83e	8897:416	958413049	976955979	26	8550757
7f000001:e83e	8897:417	958724326	977316707	27	8984764
7f000001:e83e	8897:418	959297603	978255089	27	9173910
7f000001:e83e	8897:419	960321478	978856921	27	9401522
7f000001:e83e	8897:420	960679819	980709124	27	9239300
7f000001:e83e	8897:421	961713841	981518147	28	8076113
7f000001:e83e	8897:422	962333419	982047930	29	8065653
7f000001:e83e	8897:423	962567635	982583399	30	8290953
7f000001:e83e	8897:424	963153786	983290264	30	8822374
7f000001:e83e	8897:425	963562395	984049321	30	8907113
7f000001:e83e	8897:426	964043001	985839214	30	8726952
7f000001:e83e	8897:427	964736953	986206055	29	7615488
7f000001:e83e	8897:428	966041519	986961716	31	10135896
7f000001:e83e	8897:429	966415116	988594833	32	10023777
7f000001:e83e	8897:430	968162039	989084572	33	9536900
7f000001:e83e	8897:431	968551889	990214492	33	9478763
7f000001:e83e	8897:432	969827382	990601389	33	8968412
7f000001:e83e	8897:433	970886868	990942715	33	8912177
7f000001:e83e	8897:434	971273814	992847969	33	9716572
7f000001:e83e	8897:435	972273978	993222815	32	9462115
7f000001:e83e	8897:436	972878351	993578996	33	9465096
7f000001:e83e	8897:437	973216677	994726959	32	9379642
7f000001:e83e	8897:438	973677831	995169357	34	9854753
7f000001:e83e	8897:439	974340178	995524084	34	10171899
7f000001:e83e	8897:440	975180367	995995236	34	10378453
7f000001:e83e	8897:441	976183498	996552399	34	11479769
7f000001:e83e	8897:442	976554668	996893127	33	11409439
7f000001:e83e	8897:443	976935501	998129456	32	11291856
7f000001:e83e	8897:444	977299853	998717962	33	11687916
7f000001:e83e	8897:445	978078647	999711584	32	11486600
7f000001:e83e	8897:446	978732082	1000137896	33	11014450
7f000001:e83e	8897:447	980082272	1000720856	33	11020061
7f000001:e83e	8897:448	980367995	1001549558	33	11729967
7f000001:e83e	8897:449	980942252	1002140196	32	11514261
7f000001:e83e	8897:450	981304322	1003082679	32	11393705
7f000001:e83e	8897:451	981620066	1004084277	31	11369246
7f000001:e83e	8897:452	981991499	1004695837	31	11215762
7f000001:e83e	8897:453	982391890	1005999308	31	11121630
7f000001:e83e	8897:454	983065326	1006651947	31	10474188
7f000001:e83e	8897:455	983714106	1007128670	31	10262711
7f000001:e83e	8897:456	985875159	1008923950	31	10173908
7f000001:e83e	8897:457	985889166	1010257806	32	10071938
7f000001:e83e	8897:458	986027695	1011235178	33	9622994
7f000001:e83e	8897:459	986600578	1011793652	34	9150121
7f000001:e83e	8897:460	986960104	1012273743	34	9107268
7f000001:e83e	8897:461	987376608	1012613134	34	8979579
7f000001:e83e	8897:462	988384594	1014360687	34	9095782
7f000001:e83e	8897:463	988983008	1014570612	34	9000909
7f000001:e83e	8897:464	989350293	1014925484	34	8965792
7f000001:e83e	8897:465	990411940	1015238827	34	9426515
7f000001:e83e	8897:466	990745761	1016806853	34	9488400
7f000001:e83e	8897:467	992910867	1017337116	34	8660081
7f000001:e83e	8897:468	993197595	1017858688	35	9264138
7f000001:e83e	8897:469	993660948	1019234750	35	9235277
7f000001:e83e	8897:470	994232581	1019734072	35	9017659
7f000001:e83e	8897:471	994570552	1020186453	35	8880065
7f000001:e83e	8897:472	994957380	1021456478	35	8752459
7f000001:e83e	8897:473	995310153	1021989467	36	8524377
7f000001:e83e	8897:474	995817653	1024631359	36	8358591
7f000001:e83e	8897:475	997034687	1026219648	38	8498337
7f000001:e83e	8897:476	997704166	1026685644	37	7574712
7f000001:e83e	8897:477	999016379	1027187598	36	7564430
7f000001:e83e	8897:478	999686354	1027743316	36	7936241
7f000001:e83e	8897:479	1000038156	1028762714	35	7741561
7f000001:e83e	8897:480	1000598027	1029946692	35	8047969
7f000001:e83e	8897:481	1001860956	1030402437	37	8045100
7f000001:e83e	8897:482	1003218836	1031632691	37	8524135
7f000001:e83e	8897:483	1004496539	1031962933	36	8422047
7f000001:e83e	8897:484	1004957725	1032246870	36	8950050
7f000001:e83e	8897:485	1006183387	1032585731	36	9103593
7f000001:e83e	8897:486	1006763832	1032907252	35	9093955
7f000001:e83e	8897:487	1007359702	1033912364	34	9040586
7f000001:e83e	8897:488	1008079256	1050673086	36	10826250
7f000001:e83e	8897:489	1009075573	1051558790	37	11136160
7f000001:e83e	8897:490	1010042529	1051993708	37	11717892
7f000001:e83e	8897:491	1010473256	1052387258	36	11590806
7f000001:e83e	8897:492	1011026265	1053258532	35	11575616
7f000001:e83e	8897:493	1011360237	1054066838	36	11843451
7f000001:e83e	8897:494	1012169996	1054307369	35	11773323
7f000001:e83e	8897:495	1012557254	1054641342	34	11687116
7f000001:e83e	8897:496	1012879620	1055431317	34	11885971
7f000001:e83e	8897:497	1014497548	1055720762	33	11423779
7f000001:e83e	8897:498	1014680872	1056661111	32	11418819
7f000001:e83e	8897:499	1015003627	1057055437	32	10982656
7f000001:e83e	8897:500	1016468448	1057745625	33	11969454
7f000001:e83e	8897:501	1016895151	1058284837	32	11964678
7f000001:e83e	8897:502	1017315161	1059728282	32	13328249
7f000001:e83e	8897:503	1017682618	1060212487	32	13137146
7f000001:e83e	8897:504	1018375735	1061892579	32	13806140
7f000001:e83e	8897:505	1019356094	1062322878	32	13701174
7f000001:e83e	8897:506	1019992832	1062616862	32	14040514
7f000001:e83e	8897:507	1020269029	1063238239	31	14028488
7f000001:e83e	8897:508	1021295485	1063508186	31	14227402
7f000001:e83e	8897:509	1021977812	1064054050	30	14166320
7f000001:e83e	8897:510	1022406532	1065267733	29	14038182
7f000001:e83e	8897:511	1023098672	1065814988	29	13595746
7f000001:e83e	8897:512	1023841590	1066303673	29	14092888
7f000001:e83e	8897:513	1027094825	1067763143	28	13876424
7f000001:e83e	8897:514	1028564938	1068258066	28	13493922
7f000001:e83e	8897:515	1028871006	1068725317	28	13241077
7f000001:e83e	8897:516	1029290123	1069212450	28	13268155
7f000001:e83e	8897:517	1029677406	1070138452	28	13111274
7f000001:e83e	8897:518	1030187102	1071217308	28	12586588
7f000001:e83e	8897:519	1031801725	1072731209	29	13478173
7f000001:e83e	8897:520	1032237001	1073209712	28	12927389
7f000001:e83e	8897:521	1032933655	1074658161	28	13535796
7f000001:e83e	8897:522	1033325959	1075976304	27	13139213
7f000001:e83e	8897:523	1033712347	1077262604	28	12764708
7f000001:e83e	8897:524	1034012507	1077992709	29	12440641
7f000001:e83e	8897:525	1050685909	1078533041	29	12038310
7f000001:e83e	8897:526	1051495629	1079775862	29	11808729
7f000001:e83e	8897:527	1052617204	1080262950	30	12170546
7f000001:e83e	8897:528	1053130350	1081032466	29	12054476
7f000001:e83e	8897:529	1054448133	1082350682	30	13641931
7f000001:e83e	8897:530	1055768551	1082896783	29	13317431
7f000001:e83e	8897:531	1056742080	1084133680	29	13311046
7f000001:e83e	8897:532	1056866882	1084637789	31	13250827
7f000001:e83e	8897:533	1058149916	1086722979	30	13106218
7f000001:e83e	8897:534	1058558614	1087887800	33	12929320
7f000001:e83e	8897:535	1060099149	1089143643	34	13036099
7f000001:e83e	8897:536	1060408277	1089816926	36	13656245
7f000001:e83e	8897:537	1062157403	1090744811	36	14030018
7f000001:e83e	8897:538	1062898578	1091775686	36	13951347
7f000001:e83e	8897:539	1064865573	1092747173	36	13869254
7f000001:e83e	8897:540	1065735738	1096170079	40	14995253
7f000001:e83e	8897:541	1066360221	1096655344	39	14226171
7f000001:e83e	8897:542	1067969107	1097011247	39	14479203
7f000001:e83e	8897:543	1068318501	1097919449	39	14483299
7f000001:e83e	8897:544	1069038636	1098148296	38	14404825
7f000001:e83e	8897:545	1069676618	1098838252	39	14419636
7f000001:e83e	8897:546	1070252569	1100187845	39	14902582
7f000001:e83e	8897:547	1070696459	1102088365	38	14599528
7f000001:e83e	8897:548	1073153399	1103184819	39	13290200
7f000001:e83e	8897:549	1075032483	1103504932	40	13157484
7f000001:e83e	8897:550	1075617743	1105167337	40	13569546
7f000001:e83e	8897:551	1076363458	1105722909	40	13760611
7f000001:e83e	8897:552	1077047598	1106361150	40	13569807
7f000001:e83e	8897:553	1077645282	1106568073	41	14744384
7f000001:e83e	8897:554	1078054332	1106976274	40	14740388
7f000001:e83e	8897:555	1078684610	1107674656	41	15807368
7f000001:e83e	8897:556	1079680209	1109525066	41	16140748
7f000001:e83e	8897:557	1080340160	1110486795	41	16160196
7f000001:e83e	8897:558	1080719119	1113150668	42	16617094
7f000001:e83e	8897:559	1082645443	1113774186	44	15992556
7f000001:e83e	8897:560	1083002318	1115490544	44	16798005
7f000001:e83e	8897:561	1083626859	1116254111	44	16418867
7f000001:e83e	8897:562	1083988706	1116969727	45	16753323
7f000001:e83e	8897:563	1084692775	1136253012	44	16598667
7f000001:e83e	8897:564	1085334215	1137644399	44	17179166
7f000001:e83e	8897:565	1085808231	1139842485	44	17094768
7f000001:e83e	8897:566	1086117857	1140614520	44	16499730
7f000001:e83e	8897:567	1087012355	1142428769	43	16220866
7f000001:e83e	8897:568	1087384382	1143087466	43	15877510
7f000001:e83e	8897:569	1087969124	1144089350	43	16135935
7f000001:e83e	8897:570	1088337321	1145675692	43	16079842
7f000001:e83e	8897:571	1088765440	1147127625	43	15900076
7f000001:e83e	8897:572	1089495349	1148709136	45	16891284
7f000001:e83e	8897:573	1089989802	1150851997	45	16590392
7f000001:e83e	8897:574	1090912714	1151421327	45	16344745
7f000001:e83e	8897:575	1091877407	1151808643	46	16309413
7f000001:e83e	8897:576	1092201582	1154242778	45	16259644
7f000001:e83e	8897:577	1092868294	1155665403	45	15832263
7f000001:e83e	8897:578	1093196025	1158866006	44	15412208
7f000001:e83e	8897:579	1093592999	1159845200	47	15622699
7f000001:e83e	8897:580	1096562651	1160409179	47	15692338
7f000001:e83e	8897:581	1096948045	1161477498	47	15961669
7f000001:e83e	8897:582	1098108285	1162339753	47	16004004
7f000001:e83e	8897:583	1098114825	1162944168	46	16000876
7f000001:e83e	8897:584	1098796930	1164000227	47	17167067
7f000001:e83e	8897:585	1100332811	1164475850	47	17041978
7f000001:e83e	8897:586	1100744782	1165167302	46	17032974
7f000001:e83e	8897:587	1102283110	1166123032	45	17031780
7f000001:e83e	8897:588	1102989210	1167040943	45	16854079
7f000001:e83e	8897:589	1103357609	1168590377	45	16988679
7f000001:e83e	8897:590	1103668667	1170745786	45	16532257
7f000001:e83e	8897:591	1105299045	1171171977	45	16649210
7f000001:e83e	8897:592	1105803740	1171815560	45	16409333
7f000001:e83e	8897:593	1106140934	1173543734	46	16703551
7f000001:e83e	8897:594	1106931174	1173908056	47	16820267
7f000001:e83e	8897:595	1106943315	1175920655	46	16710653
7f000001:e83e	8897:596	1107477249	1177279412	48	16321761
7f000001:e83e	8897:597	1108062768	1178920074	49	15954073
7f000001:e83e	8897:598	1109871212	1180055204	51	15825728
7f000001:e83e	8897:599	1110330148	1181522723	50	15732156
7f000001:e83e	8897:600	1110822960	1183159592	52	16095851
7f000001:e83e	8897:601	1112542607	1183815416	52	16903526
7f000001:e83e	8897:602	1113060223	1185753259	52	16830794
7f000001:e83e	8897:603	1113482018	1187072645	53	17207791
7f000001:e83e	8897:604	1114104848	1188928488	53	16481102
7f000001:e83e	8897:605	1116181086	1189948594	54	16896377
7f000001:e83e	8897:606	1116192486	1191037648	54	17167419
7f000001:e83e	8897:607	1117096014	1192192248	56	17807024
7f000001:e83e	8897:608	1137056395	1192693445	57	17392805
7f000001:e83e	8897:609	1139430151	1193121620	57	18270748
7f000001:e83e	8897:610	1142402784	1193649370	57	18401862
7f000001:e83e	8897:611	1142489283	1194903637	56	18265142
7f000001:e83e	8897:612	1143207836	1195658051	57	18291614
7f000001:e83e	8897:613	1144204712	1196185189	56	18111321
7f000001:e83e	8897:614	1145743224	1197348704	57	18277675
7f000001:e83e	8897:615	1146225768	1198301371	57	17920443
7f000001:e83e	8897:616	1147117249	1200358942	57	17593855
7f000001:e83e	8897:617	1147926223	1201424891	57	16542851
7f000001:e83e	8897:618	1148832418	1201942323	57	16663202
7f000001:e83e	8897:619	1150991076	1202405281	56	16633421
7f000001:e83e	8897:620	1151412638	1202854855	56	16523276
7f000001:e83e	8897:621	1154214345	1203613032	55	16396486
7f000001:e83e	8897:622	1155798202	1204085361	55	16244081
7f000001:e83e	8897:623	1156464102	1204515157	55	17408663
7f000001:e83e	8897:624	1156927975	1205333421	54	17356524
7f000001:e83e	8897:625	1158616162	1205909922	54	17786209
7f000001:e83e	8897:626	1159062599	1207298983	53	17637876
7f000001:e83e	8897:627	1160806376	1208104332	54	17496381
7f000001:e83e	8897:628	1160819151	1208925906	53	16972825
7f000001:e83e	8897:629	1162893247	1209686104	53	16935373
7f000001:e83e	8897:630	1162906250	1211253342	53	16565233
7f000001:e83e	8897:631	1163950751	1212264526	54	16299631
7f000001:e83e	8897:632	1165341726	1213077466	54	16659203
7f000001:e83e	8897:633	1166302641	1213780001	54	16580840
7f000001:e83e	8897:634	1168343365	1214429038	54	16687185
7f000001:e83e	8897:635	1168958801	1215859846	54	16704553
7f000001:e83e	8897:636	1170805700	1216168686	54	16175503
7f000001:e83e	8897:637	1171618225	1217069571	53	16161130
7f000001:e83e	8897:638	1171626713	1218401506	52	16046512
7f000001:e83e	8897:639	1172137562	1219407417	53	16149797
7f000001:e83e	8897:640	1172323261	1220145991	53	16710821
7f000001:e83e	8897:641	1173941559	1221855033	53	16502705
7f000001:e83e	8897:642	1173950162	1222935406	52	16191698
7f000001:e83e	8897:643	1174541560	1223890036	52	16890863
7f000001:e83e	8897:644	1175960181	1224736808	52	17282688
7f000001:e83e	8897:645	1176662040	1225303831	51	17160628
7f000001:e83e	8897:646	1178908127	1226548098	52	17400166
7f000001:e83e	8897:647	1178924318	1227252843	52	17384669
7f000001:e83e	8897:648	1178927043	1228362730	51	17339131
7f000001:e83e	8897:649	1180173335	1229219948	51	17112158
7f000001:e83e	8897:650	1180859024	1231087966	53	17990155
7f000001:e83e	8897:651	1181362932	1231497431	54	17769182
7f000001:e83e	8897:652	1183159652	1233089523	53	17725597
7f000001:e83e	8897:653	1183794082	1233434871	54	18257102
7f000001:e83e	8897:654	1185061820	1235675714	54	18632328
7f000001:e83e	8897:655	1185208444	1236400848	53	18001500
7f000001:e83e	8897:656	1186158179	1236658649	55	18107766
7f000001:e83e	8897:657	1187257438	1237226965	54	18007937
7f000001:e83e	8897:658	1187274864	1238807033	53	17956354
7f000001:e83e	8897:659	1189174308	1240419628	53	17667978
7f000001:e83e	8897:660	1190002396	1242500603	53	17406367
7f000001:e83e	8897:661	1190024073	1242959299	54	17239631
7f000001:e83e	8897:662	1190881285	1243582352	53	17120118
7f000001:e83e	8897:663	1191796368	1250386081	53	17118199
7f000001:e83e	8897:664	1191810951	1251006504	54	17111890
7f000001:e83e	8897:665	1192440008	1252779950	53	16998592
7f000001:e83e	8897:666	1192877411	1253911014	54	16423393
7f000001:e83e	8897:667	1193780424	1254590021	54	16385940
7f000001:e83e	8897:668	1193793508	1254940893	54	16458685
7f000001:e83e	8897:669	1195866820	1255061941	55	16693067
7f000001:e83e	8897:670	1195880531	1258021366	54	16646676
7f000001:e83e	8897:671	1197064556	1259666597	53	16485691
7f000001:e83e	8897:672	1198131379	1260010443	54	18109374
7f000001:e83e	8897:673	1199147191	1260297193	55	18606461
7f000001:e83e	8897:674	1201075744	1262043982	55	18603108
7f000001:e83e	8897:675	1202150896	1262261233	57	18401591
7f000001:e83e	8897:676	1203054739	1262508437	57	18446836
7f000001:e83e	8897:677	1203836585	1264531926	57	18712988
7f000001:e83e	8897:678	1204792956	1266141391	59	17764553
7f000001:e83e	8897:679	1206031566	1266437037	60	17569789
7f000001:e83e	8897:680	1206876360	1266871602	59	17563337
7f000001:e83e	8897:681	1208145940	1267314516	59	17707678
7f000001:e83e	8897:682	1209040257	1267770159	58	17598417
7f000001:e83e	8897:683	1209914962	1268300889	58	18088516
7f000001:e83e	8897:684	1210339409	1269276112	58	18265870
7f000001:e83e	8897:685	1211318613	1270165925	59	20488281
7f000001:e83e	8897:686	1212466007	1270685851	62	20400366
7f000001:e83e	8897:687	1213747509	1271628057	62	20590731
7f000001:e83e	8897:688	1214416703	1271867079	63	20417267
7f000001:e83e	8897:689	1215836885	1273733428	63	22011710
7f000001:e83e	8897:690	1217090057	1274604005	62	21741821
7f000001:e83e	8897:691	1217539612	1275405809	63	21871631
7f000001:e83e	8897:692	1219395743	1276905162	62	21622352
7f000001:e83e	8897:693	1219919013	1277875882	64	21695003
7f000001:e83e	8897:694	1222906485	1279356730	64	21375421
7f000001:e83e	8897:695	1223194689	1280493775	64	20967742
7f000001:e83e	8897:696	1224832151	1281324023	65	20904814
7f000001:e83e	8897:697	1225037235	1282117173	65	20619008
7f000001:e83e	8897:698	1226513874	1283871650	65	20580775
7f000001:e83e	8897:699	1227272751	1284352117	64	20309009
7f000001:e83e	8897:700	1228384443	1285987994	65	20377544
7f000001:e83e	8897:701	1229203066	1287028385	66	20216268
7f000001:e83e	8897:702	1229212997	1287882906	65	19984966
7f000001:e83e	8897:703	1229667737	1289923708	67	20396482
7f000001:e83e	8897:704	1231051335	1290343841	67	20026067
7f000001:e83e	8897:705	1231507685	1290760455	67	20826173
7f000001:e83e	8897:706	1232188186	1292246363	67	20935113
7f000001:e83e	8897:707	1233423226	1293616548	68	20465006
7f000001:e83e	8897:708	1235746950	1294182425	70	22774347
7f000001:e83e	8897:709	1236390497	1295128627	71	22887831
7f000001:e83e	8897:710	1236396405	1295451527	71	22684689
7f000001:e83e	8897:711	1237242137	1295984396	71	22878634
7f000001:e83e	8897:712	1238839142	1297673031	70	22696049
7f000001:e83e	8897:713	1240431209	1298116028	69	22323445
7f000001:e83e	8897:714	1240663423	1298314581	70	23768842
7f000001:e83e	8897:715	1243024773	1299755140	69	23737011
7f000001:e83e	8897:716	1243643414	1300860265	69	23713228
7f000001:e83e	8897:717	1243649055	1301700107	68	23645596
7f000001:e83e	8897:718	1252160448	1302025020	68	23552239
7f000001:e83e	8897:719	1252181200	1303382882	68	24171374
7f000001:e83e	8897:720	1253046144	1303797213	67	23826872
7f000001:e83e	8897:721	1253949063	1304108240	67	23672598
7f000001:e83e	8897:722	1254788334	1304664515	67	23578761
7f000001:e83e	8897:723	1254793105	1305082689	69	24074875
7f000001:e83e	8897:724	1258073804	1305656371	69	24277828
7f000001:e83e	8897:725	1258082655	1308773383	69	24475444
7f000001:e83e	8897:726	1259992924	1309212138	69	23486246
7f000001:e83e	8897:727	1260002839	1310459043	68	23147126
7f000001:e83e	8897:728	1260899996	1310884199	70	23196081
7f000001:e83e	8897:729	1261477548	1311299648	69	23193165
7f000001:e83e	8897:730	1261484717	1311650916	70	23567532
7f000001:e83e	8897:731	1262026788	1312022470	69	23527862
7f000001:e83e	8897:732	1262121635	1312227463	69	23516342
7f000001:e83e	8897:733	1262336585	1313298591	68	23450938
7f000001:e83e	8897:734	1262687763	1314755381	68	23622214
7f000001:e83e	8897:735	1262900714	1315178208	67	23412341
7f000001:e83e	8897:736	1264246008	1316144608	67	23890758
7f000001:e83e	8897:737	1264742038	1316960783	67	23967493
7f000001:e83e	8897:738	1266133589	1317819984	66	23834554
7f000001:e83e	8897:739	1266481557	1318684630	67	24494289
7f000001:e83e	8897:740	1267330307	1320091844	67	24223378
7f000001:e83e	8897:741	1268066947	1320879674	67	24127967
7f000001:e83e	8897:742	1268471717	1324225295	67	23905693
7f000001:e83e	8897:743	1268903870	1324977015	69	22238859
7f000001:e83e	8897:744	1269329938	1325342620	70	22024781
7f000001:e83e	8897:745	1269575750	1325524540	69	21916319
7f000001:e83e	8897:746	1269786460	1325843451	68	21878430
7f000001:e83e	8897:747	1269943165	1326313993	69	22014351
7f000001:e83e	8897:748	1270378040	1327333772	70	22840304
7f000001:e83e	8897:749	1270807986	1328187488	70	22540714
7f000001:e83e	8897:750	1271337385	1329274388	69	22499607
7f000001:e83e	8897:751	1271649572	1331688894	69	22480277
7f000001:e83e	8897:752	1273863841	1332150069	70	21329811
7f000001:e83e	8897:753	1274411242	1332678468	69	21065698
7f000001:e83e	8897:754	1275824364	1333120119	70	21118878
7f000001:e83e	8897:755	1276092876	1334537005	70	21497257
7f000001:e83e	8897:756	1276572551	1335307552	72	21299117
7f000001:e83e	8897:757	1277070369	1336788519	72	21505506
7f000001:e83e	8897:758	1277909697	1337654940	71	21418958
7f000001:e83e	8897:759	1279372036	1338368635	71	21094492
7f000001:e83e	8897:760	1280391035	1338815037	72	21027316
7f000001:e83e	8897:761	1281330309	1339429827	71	20936098
7f000001:e83e	8897:762	1281756017	1339745370	72	21538045
7f000001:e83e	8897:763	1283960808	1340150081	71	21510166
7f000001:e83e	8897:764	1284337514	1340482782	71	22124663
7f000001:e83e	8897:765	1284635435	1342194467	73	23657576
7f000001:e83e	8897:766	1285903584	1343647177	74	25101089
7f000001:e83e	8897:767	1287861601	1344708103	74	25079580
7f000001:e83e	8897:768	1287876348	1345468667	74	24698425
7f000001:e83e	8897:769	1287954376	1347526273	74	24702344
7f000001:e83e	8897:770	1288469683	1348241009	75	25161548
7f000001:e83e	8897:771	1290198859	1349559638	74	24980346
7f000001:e83e	8897:772	1290708708	1350459848	75	24526808
7f000001:e83e	8897:773	1291125192	1351791287	75	24829527
7f000001:e83e	8897:774	1291710343	1352280268	76	25582233
7f000001:e83e	8897:775	1292322752	1354363829	76	26236227
7f000001:e83e	8897:776	1292639269	1355060814	76	25053214
7f000001:e83e	8897:777	1292936640	1356923829	77	25165534
7f000001:e83e	8897:778	1293847386	1358142684	78	24780490
7f000001:e83e	8897:779	1294189859	1358749318	77	24679062
7f000001:e83e	8897:780	1295094723	1359461752	76	24573372
7f000001:e83e	8897:781	1295435704	1359933350	76	24973673
7f000001:e83e	8897:782	1297856865	1360918531	75	24720537
7f000001:e83e	8897:783	1298121285	1362346799	75	24538908
7f000001:e83e	8897:784	1299626573	1363080070	75	23803559
7f000001:e83e	8897:785	1301187995	1363857417	76	24400555
7f000001:e83e	8897:786	1301992571	1366431781	76	24457988
7f000001:e83e	8897:787	1303689591	1366900399	76	24629877
7f000001:e83e	8897:788	1304009648	1367136451	76	25459928
7f000001:e83e	8897:789	1304176211	1368444813	75	25423412
7f000001:e83e	8897:790	1304394933	1369160843	74	25250831
7f000001:e83e	8897:791	1304655196	1370447513	74	25116166
7f000001:e83e	8897:792	1304877225	1370906674	73	24835934
7f000001:e83e	8897:793	1305364130	1372245826	73	24904081
7f000001:e83e	8897:794	1306823497	1373088352	73	24486333
7f000001:e83e	8897:795	1309242912	1374248549	74	24215029
7f000001:e83e	8897:796	1309248522	1374579967	74	24088197
7f000001:e83e	8897:797	1309249329	1374860032	74	25468317
7f000001:e83e	8897:798	1311045950	1375170324	73	25419070
7f000001:e83e	8897:799	1311052969	1376969162	73	25632110
7f000001:e83e	8897:800	1311778868	1377218591	73	25158361
7f000001:e83e	8897:801	1312377420	1378108275	72	25127381
7f000001:e83e	8897:802	1314976796	1378806475	73	25187907
7f000001:e83e	8897:803	1316070209	1379167760	73	24812554
7f000001:e83e	8897:804	1317290670	1380795864	73	25178234
7f000001:e83e	8897:805	1317803392	1381048338	73	24406802
7f000001:e83e	8897:806	1318233108	1382017890	74	24888927
7f000001:e83e	8897:807	1318832596	1382798778	74	25307318
7f000001:e83e	8897:808	1320413263	1383193560	74	25001963
7f000001:e83e	8897:809	1321103696	1383733185	74	25019880
7f000001:e83e	8897:810	1323140902	1384540071	74	24722850
7f000001:e83e	8897:811	1324041022	1385005968	76	26536501
7f000001:e83e	8897:812	1324394091	1385459482	75	26497003
7f000001:e83e	8897:813	1324927377	1386910666	75	26415769
7f000001:e83e	8897:814	1325701795	1387180556	74	26274786
7f000001:e83e	8897:815	1325705357	1387396766	73	26126541
7f000001:e83e	8897:816	1326002525	1388704938	72	25976163
7f000001:e83e	8897:817	1326166916	1397949860	71	24956822
7f000001:e83e	8897:818	1327143877	1398840095	75	26738522
7f000001:e83e	8897:819	1328281043	1399230229	75	27838046
7f000001:e83e	8897:820	1329593765	1399581807	75	27963983
7f000001:e83e	8897:821	1330264121	1400119426	74	27733578
7f000001:e83e	8897:822	1332299362	1400872965	75	28827913
7f000001:e83e	8897:823	1332312564	1401499813	76	29127794
7f000001:e83e	8897:824	1332779327	1402001210	76	29205265
7f000001:e83e	8897:825	1333256838	1402594274	76	28826377
7f000001:e83e	8897:826	1333653195	1402885679	76	28613311
7f000001:e83e	8897:827	1334341213	1403581662	76	28553162
7f000001:e83e	8897:828	1334834536	1405468680	76	28433945
7f000001:e83e	8897:829	1336895163	1405774320	77	28521583
7f000001:e83e	8897:830	1337726003	1406046362	77	29746983
7f000001:e83e	8897:831	1338079603	1407275971	76	29723632
7f000001:e83e	8897:832	1339381959	1407619064	76	29643910
7f000001:e83e	8897:833	1339421539	1408635032	75	29383178
7f000001:e83e	8897:834	1339776705	1409379332	75	29135260
7f000001:e83e	8897:835	1340184370	1410625434	78	29037939
7f000001:e83e	8897:836	1340477503	1410747588	77	28756088
7f000001:e83e	8897:837	1340480410	1412386831	77	28808642
7f000001:e83e	8897:838	1341529897	1412648889	77	27635726
7f000001:e83e	8897:839	1341808705	1414635350	77	27866519
7f000001:e83e	8897:840	1342290566	1414986889	80	26882262
7f000001:e83e	8897:841	1343801066	1415116170	80	26965185
7f000001:e83e	8897:842	1344910063	1415245255	79	26907811
7f000001:e83e	8897:843	1345732754	1415358233	78	26871000
7f000001:e83e	8897:844	1347225909	1415823021	78	28087529
7f000001:e83e	8897:845	1348328316	1415957688	78	27902482
7f000001:e83e	8897:846	1348645750	1417873164	78	28770582
7f000001:e83e	8897:847	1349776662	1418500355	77	28445305
7f000001:e83e	8897:848	1350958774	1420268551	77	27986253
7f000001:e83e	8897:849	1350974999	1421018049	78	27119610
7f000001:e83e	8897:850	1351900161	1422511738	78	26730719
7f000001:e83e	8897:851	1352418058	1423142636	80	26633416
7f000001:e83e	8897:852	1355021538	1423906862	79	26560509
7f000001:e83e	8897:853	1355051544	1424803039	78	26365028
7f000001:e83e	8897:854	1356402877	1425381467	79	26918528
7f000001:e83e	8897:855	1356934352	1426194561	79	27039460
7f000001:e83e	8897:856	1359014887	1427133225	79	26511399
7f000001:e83e	8897:857	1360170105	1428455785	79	25943332
7f000001:e83e	8897:858	1361534825	1429404010	80	26136477
7f000001:e83e	8897:859	1362465794	1431270465	80	26037028
7f000001:e83e	8897:860	1362870005	1431658146	80	25272152
7f000001:e83e	8897:861	1363305519	1431902771	81	26710306
7f000001:e83e	8897:862	1364134781	1434238407	80	26641642
7f000001:e83e	8897:863	1366851589	1435823344	81	25799844
7f000001:e83e	8897:864	1368878549	1436252013	81	25293142
7f000001:e83e	8897:865	1370585539	1437271915	80	25075916
7f000001:e83e	8897:866	1370982422	1437679565	80	25493783
7f000001:e83e	8897:867	1372376264	1438263912	80	25701605
7f000001:e83e	8897:868	1372534206	1438645527	80	25648500
7f000001:e83e	8897:869	1373195421	1439003771	79	25614461
7f000001:e83e	8897:870	1374472952	1440974847	79	25604428
7f000001:e83e	8897:871	1374984038	1441940474	80	25453029
7f000001:e83e	8897:872	1376961035	1442389586	81	25942182
7f000001:e83e	8897:873	1377264574	1443332035	80	25899663
7f000001:e83e	8897:874	1378001108	1443748920	80	26070362
7f000001:e83e	8897:875	1378739180	1444122572	79	25983114
7f000001:e83e	8897:876	1378946556	1445322389	79	26724839
7f000001:e83e	8897:877	1379297745	1445884525	78	26226619
7f000001:e83e	8897:878	1380851584	1446997328	77	26180664
7f000001:e83e	8897:879	1380857209	1448061460	77	26102364
7f000001:e83e	8897:880	1382012106	1448789019	78	25942458
7f000001:e83e	8897:881	1382379226	1449289543	78	25718334
7f000001:e83e	8897:882	1383136314	1449785197	78	27236906
7f000001:e83e	8897:883	1383449340	1450274364	78	28588498
7f000001:e83e	8897:884	1383785445	1450730994	77	28493922
7f000001:e83e	8897:885	1384458818	1452794640	77	29691897
7f000001:e83e	8897:886	1384797867	1453880086	78	28631505
7f000001:e83e	8897:887	1385207336	1454389577	78	29718413
7f000001:e83e	8897:888	1388735994	1456132635	78	29781869
7f000001:e83e	8897:889	1388742690	1456762773	78	28810752
7f000001:e83e	8897:890	1388743576	1458145094	77	28481286
7f000001:e83e	8897:891	1397819266	1459870768	79	28818342
7f000001:e83e	8897:892	1397835624	1460484147	79	28742860
7f000001:e83e	8897:893	1398472640	1462285961	79	28772125
7f000001:e83e	8897:894	1399206225	1462891252	79	27668498
7f000001:e83e	8897:895	1399686640	1464001138	80	27959175
7f000001:e83e	8897:896	1400002338	1465911741	80	27840408
7f000001:e83e	8897:897	1400519872	1466369252	82	28438916
7f000001:e83e	8897:898	1400656820	1468207801	81	28341821
7f000001:e83e	8897:899	1401307834	1469232241	81	28799737
7f000001:e83e	8897:900	1401939025	1469739516	80	28561139
7f000001:e83e	8897:901	1402327284	1470161333	79	28554483
7f000001:e83e	8897:902	1402830225	1470665812	80	29221191
7f000001:e83e	8897:903	1403218432	1471202579	79	29177055
7f000001:e83e	8897:904	1403864198	1472415015	79	29290729
7f000001:e83e	8897:905	1404177719	1472766065	79	28846894
7f000001:e83e	8897:906	1405607942	1474676672	78	28751057
7f000001:e83e	8897:907	1407155385	1475118041	80	28895839
7f000001:e83e	8897:908	1407703012	1475657290	80	29263056
7f000001:e83e	8897:909	1408670015	1476005903	80	29889145
7f000001:e83e	8897:910	1408813495	1476212728	79	29781997
7f000001:e83e	8897:911	1409058514	1477007735	79	29846745
7f000001:e83e	8897:912	1409309229	1477200526	79	29762689
7f000001:e83e	8897:913	1410680812	1477433137	78	29702782
7f000001:e83e	8897:914	1411578940	1478179507	77	29631033
7f000001:e83e	8897:915	1412639951	1478843028	77	29520320
7f000001:e83e	8897:916	1413108959	1479044113	77	29533840
7f000001:e83e	8897:917	1413466602	1479250653	76	29456332
7f000001:e83e	8897:918	1413685499	1479960525	76	29704136
7f000001:e83e	8897:919	1414534563	1480394727	77	29334270
7f000001:e83e	8897:920	1414928696	1480920062	77	29457592
7f000001:e83e	8897:921	1415319823	1482632435	78	29396680
7f000001:e83e	8897:922	1415623433	1483588436	78	28808825
7f000001:e83e	8897:923	1415860099	1484709831	77	28610101
7f000001:e83e	8897:924	1418130263	1484919967	76	27674812
7f000001:e83e	8897:925	1418612811	1485120126	75	27640894
7f000001:e83e	8897:926	1418937278	1485646361	74	27597993
7f000001:e83e	8897:927	1420463257	1485851073	73	27482538
7f000001:e83e	8897:928	1421049167	1486511411	72	27388117
7f000001:e83e	8897:929	1421474062	1486751126	71	26951533
7f000001:e83e	8897:930	1422161534	1486966701	70	26843858
7f000001:e83e	8897:931	1424051583	1487588992	69	26791565
7f000001:e83e	8897:932	1424064121	1488560451	68	26476508
7f000001:e83e	8897:933	1425202470	1490061058	67	26093444
7f000001:e83e	8897:934	1425881659	1490292550	66	25709279
7f000001:e83e	8897:935	1426476186	1490498765	65	25617376
7f000001:e83e	8897:936	1427222307	1491987280	64	25571153
7f000001:e83e	8897:937	1428339628	1492247852	63	25121364
7f000001:e83e	8897:938	1428696951	1492861525	62	24980664
7f000001:e83e	8897:939	1429821323	1493096172	61	24616754
7f000001:e83e	8897:940	1431555040	1493972558	60	24578086
7f000001:e83e	8897:941	1431561612	1496097433	59	24348154
7f000001:e83e	8897:942	1432130704	1496338753	58	23090554
7f000001:e83e	8897:943	1432694021	1496696664	57	23080613
7f000001:e83e	8897:944	1435330948	1497891680	56	22985468
7f000001:e83e	8897:945	1436565060	1499152604	55	22621890
7f000001:e83e	8897:946	1437448757	1500463628	54	21778463
7f000001:e83e	8897:947	1438031074	1500822816	53	21561162
7f000001:e83e	8897:948	1438765158	1501177762	52	21502294
7f000001:e83e	8897:949	1439590590	1502404781	51	21406045
7f000001:e83e	8897:950	1440538948	1503702716	50	21065168
7f000001:e83e	8897:951	1441852427	1504325736	49	20161747
7f000001:e83e	8897:952	1441868703	1505672346	48	20044404
7f000001:e83e	8897:953	1443210745	1507273492	47	19341192
7f000001:e83e	8897:954	1444085430	1508443473	46	18676754
7f000001:e83e	8897:955	1446326059	1508774363	45	17813543
7f000001:e83e	8897:956	1447254982	1509114616	44	17692647
7f000001:e83e	8897:957	1447806572	1509854431	43	17616771
7f000001:e83e	8897:958	1448300469	1510864900	42	17536359
7f000001:e83e	8897:959	1449083933	1514029224	41	17302026
7f000001:e83e	8897:960	1449614220	1516819166	40	15672658
7f000001:e83e	8897:961	1450684492	1518610141	39	14224620
7f000001:e83e	8897:962	1451235988	1519164815	38	12949993
7f000001:e83e	8897:963	1451703820	1521184241	37	12753984
7f000001:e83e	8897:964	1453081179	1523160543	36	12424347
7f000001:e83e	8897:965	1454016877	1523909362	35	10999320
7f000001:e83e	8897:966	1455345119	1524346991	34	10930254
7f000001:e83e	8897:967	1457557126	1525072267	33	10917268
7f000001:e83e	8897:968	1457579673	1525764823	32	10617091
7f000001:e83e	8897:969	1458001557	1526948156	31	10572596
7f000001:e83e	8897:970	1458570118	1527902412	30	10367194
7f000001:e83e	8897:971	1460142842	1528954334	29	10179418
7f000001:e83e	8897:972	1461603905	1529232645	28	9965782
7f000001:e83e	8897:973	1462322433	1531844496	27	9950289
7f000001:e83e	8897:974	1462750765	1532202725	26	9277227
7f000001:e83e	8897:975	1463719050	1533480924	25	9222980
7f000001:e83e	8897:976	1465873920	1534991317	24	8799547
7f000001:e83e	8897:977	1465894282	1535984194	23	8305970
7f000001:e83e	8897:978	1465897930	1537446171	22	7997888
7f000001:e83e	8897:979	1466552167	1539275168	21	7392285
7f000001:e83e	8897:980	1469910096	1539761019	20	6580302
7f000001:e83e	8897:981	1469933557	1540630318	19	6349546
7f000001:e83e	8897:982	1470933845	1541706119	18	5896504
7f000001:e83e	8897:983	1472040333	1542180117	17	5604537
7f000001:e83e	8897:984	1472905334	1543126004	16	5402398
7f000001:e83e	8897:985	1474672613	1543873765	15	4875504
7f000001:e83e	8897:986	1474677655	1544645506	14	4402035
7f000001:e83e	8897:987	1474986522	1545600312	13	4023348
7f000001:e83e	8897:988	1475476704	1547581976	12	3370052
7f000001:e83e	8897:989	1476195702	1547853643	11	2531856
7f000001:e83e	8897:990	1476317213	1548774275	10	2424820
7f000001:e83e	8897:991	1477770258	1549061532	9	2130806
7f000001:e83e	8897:992	1478363360	1550834080	8	2053706
7f000001:e83e	8897:993	1479118709	1552112000	7	1661891
7f000001:e83e	8897:994	1479497916	1552636899	6	1376119
7f000001:e83e	8897:995	1479837940	1552975024	5	1362214
7f000001:e83e	8897:996	1480347746	1554094737	4	1217428
7f000001:e83e	8897:997	1480424510	1554343687	3	922001
7f000001:e83e	8897:998	1480795968	1554818681	2	894863
7f000001:e83e	8897:999	1481250773	1555955438	1	706202
