7f000001:2328	95796:0	9	14871
7f000001:2328	95796:1	37989	6111
7f000001:2328	95796:2	13484	4370
7f000001:2328	95796:3	106413	14361
7f000001:2328	95796:4	21599	5943
7f000001:2328	95796:5	3236	33800
7f000001:2328	95796:6	65944	12030
7f000001:2328	95796:7	8044	5684
7f000001:2328	95796:8	5959	7811
7f000001:2328	95796:9	3120	32940
7f000001:2328	95796:10	21841	37216
7f000001:2328	95796:11	38162	1631
7f000001:2328	95796:12	22125	2808
7f000001:2328	95796:13	56694	12494
7f000001:2328	95796:14	18245	11956
7f000001:2328	95796:15	7596	247
7f000001:2328	95796:16	665	100748
7f000001:2328	95796:17	70579	30820
7f000001:2328	95796:18	24167	29327
7f000001:2328	95796:19	27914	8438
7f000001:2328	95796:20	13457	6215
7f000001:2328	95796:21	12384	20485
7f000001:2328	95796:22	12920	1085
7f000001:2328	95796:23	21490	3432
7f000001:2328	95796:24	17280	7988
7f000001:2328	95796:25	6118	1338
7f000001:2328	95796:26	123057	15797
7f000001:2328	95796:27	2667	100120
7f000001:2328	95796:28	16248	24183
7f000001:2328	95796:29	5905	15692
7f000001:2328	95796:30	153949	4213
7f000001:2328	95796:31	32938	10195
7f000001:2328	95796:32	16513	27488
7f000001:2328	95796:33	5602	33297
7f000001:2328	95796:34	46868	2050
7f000001:2328	95796:35	861	2876
7f000001:2328	95796:36	28987	9571
7f000001:2328	95796:37	8196	14133
7f000001:2328	95796:38	21039	2185
7f000001:2328	95796:39	117440	8572
7f000001:2328	95796:40	41783	6167
7f000001:2328	95796:41	31369	49330
7f000001:2328	95796:42	17944	11625
7f000001:2328	95796:43	72678	12596
7f000001:2328	95796:44	108067	7714
7f000001:2328	95796:45	45165	40126
7f000001:2328	95796:46	38779	16306
7f000001:2328	95796:47	50089	15152
7f000001:2328	95796:48	10494	8415
7f000001:2328	95796:49	10656	11832
7f000001:2328	95796:50	23899	21141
7f000001:2328	95796:51	1856	13457
7f000001:2328	95796:52	17407	190
7f000001:2328	95796:53	34498	9828
7f000001:2328	95796:54	16920	55029
7f000001:2328	95796:55	3820	11182
7f000001:2328	95796:56	9887	10585
7f000001:2328	95796:57	7979	9103
7f000001:2328	95796:58	35391	54841
7f000001:2328	95796:59	513	12999
7f000001:2328	95796:60	49248	15215
7f000001:2328	95796:61	3847	10227
7f000001:2328	95796:62	3939	33471
7f000001:2328	95796:63	14201	1586
7f000001:2328	95796:64	26010	8209
7f000001:2328	95796:65	8357	9770
7f000001:2328	95796:66	10770	19170
7f000001:2328	95796:67	6526	6694
7f000001:2328	95796:68	129175	4372
7f000001:2328	95796:69	30978	14438
7f000001:2328	95796:70	43859	2720
7f000001:2328	95796:71	12668	5029
7f000001:2328	95796:72	10142	3683
7f000001:2328	95796:73	89525	25873
7f000001:2328	95796:74	25426	14580
7f000001:2328	95796:75	19198	9113
7f000001:2328	95796:76	9918	9879
7f000001:2328	95796:77	15002	11217
7f000001:2328	95796:78	11099	8697
7f000001:2328	95796:79	3285	26117
7f000001:2328	95796:80	15043	203
7f000001:2328	95796:81	12360	15379
7f000001:2328	95796:82	6082	40848
7f000001:2328	95796:83	69731	66981
7f000001:2328	95796:84	45201	5309
7f000001:2328	95796:85	20376	4393
7f000001:2328	95796:86	58577	33462
7f000001:2328	95796:87	119369	8439
7f000001:2328	95796:88	28284	22453
7f000001:2328	95796:89	63704	2622
7f000001:2328	95796:90	32556	113721
7f000001:2328	95796:91	106175	2792
7f000001:2328	95796:92	13161	825
7f000001:2328	95796:93	22365	3840
7f000001:2328	95796:94	20107	3394
7f000001:2328	95796:95	45003	5757
7f000001:2328	95796:96	6972	8237
7f000001:2328	95796:97	39090	10698
7f000001:2328	95796:98	90190	17114
7f000001:2328	95796:99	17178	20283
7f000001:2328	95796:100	79079	13572
7f000001:2328	95796:101	17611	1785
7f000001:2328	95796:102	39991	3280
7f000001:2328	95796:103	24238	18641
7f000001:2328	95796:104	12055	9859
7f000001:2328	95796:105	7175	33830
7f000001:2328	95796:106	18772	20962
7f000001:2328	95796:107	20327	1173
7f000001:2328	95796:108	28426	22447
7f000001:2328	95796:109	4712	32377
7f000001:2328	95796:110	6854	1014
7f000001:2328	95796:111	17581	26799
7f000001:2328	95796:112	94770	15340
7f000001:2328	95796:113	1241	20772
7f000001:2328	95796:114	13718	13807
7f000001:2328	95796:115	13068	9586
7f000001:2328	95796:116	53419	37440
7f000001:2328	95796:117	70294	16114
7f000001:2328	95796:118	1536	26408
7f000001:2328	95796:119	8632	19126
7f000001:2328	95796:120	669	12640
7f000001:2328	95796:121	28900	42288
7f000001:2328	95796:122	11726	43048
7f000001:2328	95796:123	94117	12007
7f000001:2328	95796:124	18711	43557
7f000001:2328	95796:125	723	752
7f000001:2328	95796:126	18726	15884
7f000001:2328	95796:127	14856	15722
7f000001:2328	95796:128	31225	17522
7f000001:2328	95796:129	27720	2776
7f000001:2328	95796:130	42576	32770
7f000001:2328	95796:131	101205	11347
7f000001:2328	95796:132	2638	11668
7f000001:2328	95796:133	114453	69453
7f000001:2328	95796:134	14812	8026
7f000001:2328	95796:135	133668	31880
7f000001:2328	95796:136	13376	7335
7f000001:2328	95796:137	2107	53034
7f000001:2328	95796:138	28281	51107
7f000001:2328	95796:139	38854	38015
7f000001:2328	95796:140	4530	12897
7f000001:2328	95796:141	1664	7016
7f000001:2328	95796:142	8230	11189
7f000001:2328	95796:143	37526	25605
7f000001:2328	95796:144	7932	11206
7f000001:2328	95796:145	44712	19601
7f000001:2328	95796:146	19426	32297
7f000001:2328	95796:147	47625	6260
7f000001:2328	95796:148	6925	21466
7f000001:2328	95796:149	7553	9571
7f000001:2328	95796:150	7923	19536
7f000001:2328	95796:151	3648	18529
7f000001:2328	95796:152	13224	2672
7f000001:2328	95796:153	21836	9842
7f000001:2328	95796:154	14265	53868
7f000001:2328	95796:155	810	2044
7f000001:2328	95796:156	8768	23783
7f000001:2328	95796:157	53449	14912
7f000001:2328	95796:158	226	31297
7f000001:2328	95796:159	13827	2773
7f000001:2328	95796:160	4885	9791
7f000001:2328	95796:161	1102	6357
7f000001:2328	95796:162	32910	4438
7f000001:2328	95796:163	1496	24146
7f000001:2328	95796:164	40716	2009
7f000001:2328	95796:165	58600	15948
7f000001:2328	95796:166	20191	29252
7f000001:2328	95796:167	125525	6819
7f000001:2328	95796:168	37442	6767
7f000001:2328	95796:169	21521	21856
7f000001:2328	95796:170	6913	10281
7f000001:2328	95796:171	25150	18403
7f000001:2328	95796:172	9079	22764
7f000001:2328	95796:173	12276	13343
7f000001:2328	95796:174	20121	8256
7f000001:2328	95796:175	36380	30005
7f000001:2328	95796:176	59869	11484
7f000001:2328	95796:177	16216	7611
7f000001:2328	95796:178	4446	11608
7f000001:2328	95796:179	39817	63365
7f000001:2328	95796:180	50297	19773
7f000001:2328	95796:181	20781	102
7f000001:2328	95796:182	79325	15952
7f000001:2328	95796:183	6295	27223
7f000001:2328	95796:184	12875	11846
7f000001:2328	95796:185	4609	3052
7f000001:2328	95796:186	10945	52487
7f000001:2328	95796:187	39775	23546
7f000001:2328	95796:188	37272	8274
7f000001:2328	95796:189	17694	16964
7f000001:2328	95796:190	29540	4931
7f000001:2328	95796:191	38432	21708
7f000001:2328	95796:192	6003	3936
7f000001:2328	95796:193	48839	8816
7f000001:2328	95796:194	54090	55823
7f000001:2328	95796:195	61960	8942
7f000001:2328	95796:196	11437	6194
7f000001:2328	95796:197	23525	29930
7f000001:2328	95796:198	47104	37803
7f000001:2328	95796:199	13142	1337
7f000001:2328	95796:200	6458	7955
7f000001:2328	95796:201	32576	31349
7f000001:2328	95796:202	27930	29580
7f000001:2328	95796:203	8958	19362
7f000001:2328	95796:204	48408	549
7f000001:2328	95796:205	14244	8909
7f000001:2328	95796:206	60655	17684
7f000001:2328	95796:207	8943	7763
7f000001:2328	95796:208	97175	26298
7f000001:2328	95796:209	14503	12884
7f000001:2328	95796:210	3825	1403
7f000001:2328	95796:211	6404	36591
7f000001:2328	95796:212	39902	7510
7f000001:2328	95796:213	275	295
7f000001:2328	95796:214	6980	6201
7f000001:2328	95796:215	26823	48014
7f000001:2328	95796:216	15267	11923
7f000001:2328	95796:217	43327	1443
7f000001:2328	95796:218	92032	5303
7f000001:2328	95796:219	55592	16665
7f000001:2328	95796:220	6349	738
7f000001:2328	95796:221	21691	14813
7f000001:2328	95796:222	19502	3139
7f000001:2328	95796:223	60802	47628
7f000001:2328	95796:224	40230	31527
7f000001:2328	95796:225	20951	6826
7f000001:2328	95796:226	7106	1434
7f000001:2328	95796:227	134111	4469
7f000001:2328	95796:228	71667	42172
7f000001:2328	95796:229	23727	34531
7f000001:2328	95796:230	4576	24923
7f000001:2328	95796:231	9094	58348
7f000001:2328	95796:232	5808	76109
7f000001:2328	95796:233	2136	60378
7f000001:2328	95796:234	64663	32351
7f000001:2328	95796:235	42539	72196
7f000001:2328	95796:236	8423	9916
7f000001:2328	95796:237	5430	3019
7f000001:2328	95796:238	17885	41022
7f000001:2328	95796:239	41136	2572
7f000001:2328	95796:240	6118	42495
7f000001:2328	95796:241	8017	9394
7f000001:2328	95796:242	40570	7606
7f000001:2328	95796:243	7440	14125
7f000001:2328	95796:244	3189	7213
7f000001:2328	95796:245	179387	12643
7f000001:2328	95796:246	7096	19883
7f000001:2328	95796:247	43831	14991
7f000001:2328	95796:248	32916	7422
7f000001:2328	95796:249	28352	10556
7f000001:2328	95796:250	65121	18404
7f000001:2328	95796:251	16650	33752
7f000001:2328	95796:252	15884	69447
7f000001:2328	95796:253	8310	24745
7f000001:2328	95796:254	23	32565
7f000001:2328	95796:255	8131	39990
7f000001:2328	95796:256	11681	1752
7f000001:2328	95796:257	14078	28021
7f000001:2328	95796:258	75540	7672
7f000001:2328	95796:259	55458	5891
7f000001:2328	95796:260	22723	32730
7f000001:2328	95796:261	15645	27326
7f000001:2328	95796:262	25980	849
7f000001:2328	95796:263	29600	34335
7f000001:2328	95796:264	37309	4905
7f000001:2328	95796:265	27973	4411
7f000001:2328	95796:266	29656	12639
7f000001:2328	95796:267	21194	24634
7f000001:2328	95796:268	88023	4504
7f000001:2328	95796:269	3207	25710
7f000001:2328	95796:270	38897	10817
7f000001:2328	95796:271	12141	13063
7f000001:2328	95796:272	46473	27217
7f000001:2328	95796:273	99208	5087
7f000001:2328	95796:274	27580	37457
7f000001:2328	95796:275	4213	9926
7f000001:2328	95796:276	11894	6574
7f000001:2328	95796:277	16327	4651
7f000001:2328	95796:278	30755	2399
7f000001:2328	95796:279	58528	2073
7f000001:2328	95796:280	19216	24504
7f000001:2328	95796:281	52351	3731
7f000001:2328	95796:282	15012	1847
7f000001:2328	95796:283	32985	3307
7f000001:2328	95796:284	2708	6376
7f000001:2328	95796:285	7747	43379
7f000001:2328	95796:286	2191	1635
7f000001:2328	95796:287	14701	7422
7f000001:2328	95796:288	43314	10377
7f000001:2328	95796:289	28906	2914
7f000001:2328	95796:290	5565	49761
7f000001:2328	95796:291	55774	37499
7f000001:2328	95796:292	17923	19865
7f000001:2328	95796:293	15857	26475
7f000001:2328	95796:294	5968	12031
7f000001:2328	95796:295	32533	18060
7f000001:2328	95796:296	9531	10405
7f000001:2328	95796:297	33017	862
7f000001:2328	95796:298	20417	36187
7f000001:2328	95796:299	33236	15273
7f000001:2328	95796:300	67046	26915
7f000001:2328	95796:301	16527	4885
7f000001:2328	95796:302	25664	33292
7f000001:2328	95796:303	702	6066
7f000001:2328	95796:304	25588	26764
7f000001:2328	95796:305	13983	22256
7f000001:2328	95796:306	42555	104792
7f000001:2328	95796:307	62042	44398
7f000001:2328	95796:308	15914	29351
7f000001:2328	95796:309	10853	25383
7f000001:2328	95796:310	5319	900
7f000001:2328	95796:311	31659	11532
7f000001:2328	95796:312	184170	7974
7f000001:2328	95796:313	28663	37507
7f000001:2328	95796:314	23549	36942
7f000001:2328	95796:315	39299	15279
7f000001:2328	95796:316	2568	60077
7f000001:2328	95796:317	18012	18842
7f000001:2328	95796:318	36604	11439
7f000001:2328	95796:319	2613	5289
7f000001:2328	95796:320	65543	39319
7f000001:2328	95796:321	30750	3026
7f000001:2328	95796:322	357	5676
7f000001:2328	95796:323	38981	1192
7f000001:2328	95796:324	33194	24113
7f000001:2328	95796:325	19577	14989
7f000001:2328	95796:326	36899	11304
7f000001:2328	95796:327	27706	1123
7f000001:2328	95796:328	44383	56608
7f000001:2328	95796:329	24943	89831
7f000001:2328	95796:330	35381	8010
7f000001:2328	95796:331	92945	8169
7f000001:2328	95796:332	90290	1308
7f000001:2328	95796:333	5726	14956
7f000001:2328	95796:334	43810	48123
7f000001:2328	95796:335	33181	7408
7f000001:2328	95796:336	95630	18969
7f000001:2328	95796:337	786	2246
7f000001:2328	95796:338	791	372
7f000001:2328	95796:339	105630	5690
7f000001:2328	95796:340	42239	40978
7f000001:2328	95796:341	1384	1640
7f000001:2328	95796:342	8247	48779
7f000001:2328	95796:343	26750	6260
7f000001:2328	95796:344	14648	33441
7f000001:2328	95796:345	27220	30247
7f000001:2328	95796:346	164616	2627
7f000001:2328	95796:347	18494	7711
7f000001:2328	95796:348	11847	324
7f000001:2328	95796:349	2762	961
7f000001:2328	95796:350	30075	1121
7f000001:2328	95796:351	45315	129
7f000001:2328	95796:352	37760	15321
7f000001:2328	95796:353	12356	2008
7f000001:2328	95796:354	36094	7996
7f000001:2328	95796:355	5251	52254
7f000001:2328	95796:356	17976	12792
7f000001:2328	95796:357	10027	13926
7f000001:2328	95796:358	2527	3891
7f000001:2328	95796:359	2415	21970
7f000001:2328	95796:360	9408	11077
7f000001:2328	95796:361	22956	11618
7f000001:2328	95796:362	10410	6399
7f000001:2328	95796:363	3541	11872
7f000001:2328	95796:364	4672	36514
7f000001:2328	95796:365	16380	19308
7f000001:2328	95796:366	16191	28908
7f000001:2328	95796:367	22280	6585
7f000001:2328	95796:368	14914	43592
7f000001:2328	95796:369	13054	1974
7f000001:2328	95796:370	62069	21030
7f000001:2328	95796:371	27843	13445
7f000001:2328	95796:372	4688	22253
7f000001:2328	95796:373	1010	30272
7f000001:2328	95796:374	23438	9038
7f000001:2328	95796:375	6456	7401
7f000001:2328	95796:376	23771	1412
7f000001:2328	95796:377	35864	42
7f000001:2328	95796:378	9642	3579
7f000001:2328	95796:379	19348	14015
7f000001:2328	95796:380	11554	14890
7f000001:2328	95796:381	5647	4322
7f000001:2328	95796:382	21763	12781
7f000001:2328	95796:383	18502	34305
7f000001:2328	95796:384	7003	44484
7f000001:2328	95796:385	11675	1530
7f000001:2328	95796:386	13751	14033
7f000001:2328	95796:387	47140	51178
7f000001:2328	95796:388	10751	21418
7f000001:2328	95796:389	16089	32830
7f000001:2328	95796:390	47837	24236
7f000001:2328	95796:391	15779	6254
7f000001:2328	95796:392	30844	84739
7f000001:2328	95796:393	3509	33598
7f000001:2328	95796:394	10785	8750
7f000001:2328	95796:395	85452	14930
7f000001:2328	95796:396	6572	24185
7f000001:2328	95796:397	27544	38096
7f000001:2328	95796:398	11956	3809
7f000001:2328	95796:399	1242	7682
7f000001:2328	95796:400	38187	54065
7f000001:2328	95796:401	5954	20562
7f000001:2328	95796:402	20896	20894
7f000001:2328	95796:403	12098	2098
7f000001:2328	95796:404	2324	12871
7f000001:2328	95796:405	29317	8746
7f000001:2328	95796:406	17822	99042
7f000001:2328	95796:407	6359	64904
7f000001:2328	95796:408	6781	4328
7f000001:2328	95796:409	73930	1248
7f000001:2328	95796:410	49761	50643
7f000001:2328	95796:411	2818	29729
7f000001:2328	95796:412	41161	14082
7f000001:2328	95796:413	1465	8222
7f000001:2328	95796:414	28383	3202
7f000001:2328	95796:415	61561	7512
7f000001:2328	95796:416	32432	21226
7f000001:2328	95796:417	63947	11304
7f000001:2328	95796:418	39490	38531
7f000001:2328	95796:419	2074	42119
7f000001:2328	95796:420	3427	5136
7f000001:2328	95796:421	538	1256
7f000001:2328	95796:422	40857	114967
7f000001:2328	95796:423	15593	86846
7f000001:2328	95796:424	14988	18850
7f000001:2328	95796:425	5152	4989
7f000001:2328	95796:426	2598	8915
7f000001:2328	95796:427	364	1830
7f000001:2328	95796:428	81591	7791
7f000001:2328	95796:429	76332	84821
7f000001:2328	95796:430	3389	3955
7f000001:2328	95796:431	26547	3021
7f000001:2328	95796:432	27703	9352
7f000001:2328	95796:433	53083	3096
7f000001:2328	95796:434	380	12056
7f000001:2328	95796:435	169	7694
7f000001:2328	95796:436	16475	5618
7f000001:2328	95796:437	7954	3933
7f000001:2328	95796:438	19309	18242
7f000001:2328	95796:439	5699	12491
7f000001:2328	95796:440	1686	4602
7f000001:2328	95796:441	1102	5728
7f000001:2328	95796:442	4584	32883
7f000001:2328	95796:443	10968	49319
7f000001:2328	95796:444	31648	10899
7f000001:2328	95796:445	11105	25350
7f000001:2328	95796:446	14763	3266
7f000001:2328	95796:447	52436	3316
7f000001:2328	95796:448	2560	16395
7f000001:2328	95796:449	54068	449
7f000001:2328	95796:450	12707	834
7f000001:2328	95796:451	4002	1791
7f000001:2328	95796:452	7994	159
7f000001:2328	95796:453	61384	4901
7f000001:2328	95796:454	1585	6976
7f000001:2328	95796:455	7642	22468
7f000001:2328	95796:456	1229	23704
7f000001:2328	95796:457	17985	1965
7f000001:2328	95796:458	7171	266
7f000001:2328	95796:459	7260	21227
7f000001:2328	95796:460	1324	5434
7f000001:2328	95796:461	50011	15822
7f000001:2328	95796:462	39147	70722
7f000001:2328	95796:463	18920	9722
7f000001:2328	95796:464	23353	2636
7f000001:2328	95796:465	17264	12535
7f000001:2328	95796:466	27108	4576
7f000001:2328	95796:467	13013	26911
7f000001:2328	95796:468	21590	22857
7f000001:2328	95796:469	3067	2145
7f000001:2328	95796:470	19968	30252
7f000001:2328	95796:471	73630	27503
7f000001:2328	95796:472	8643	7358
7f000001:2328	95796:473	26919	324
7f000001:2328	95796:474	7565	28179
7f000001:2328	95796:475	19787	11901
7f000001:2328	95796:476	13149	21991
7f000001:2328	95796:477	1256	2561
7f000001:2328	95796:478	32887	587
7f000001:2328	95796:479	16013	6996
7f000001:2328	95796:480	19974	9962
7f000001:2328	95796:481	81818	37
7f000001:2328	95796:482	15268	21630
7f000001:2328	95796:483	8043	31643
7f000001:2328	95796:484	34577	3884
7f000001:2328	95796:485	29539	69503
7f000001:2328	95796:486	35310	5263
7f000001:2328	95796:487	45878	3426
7f000001:2328	95796:488	1678	25124
7f000001:2328	95796:489	32450	142
7f000001:2328	95796:490	32574	12502
7f000001:2328	95796:491	64173	17542
7f000001:2328	95796:492	20143	17328
7f000001:2328	95796:493	23109	19353
7f000001:2328	95796:494	103880	51537
7f000001:2328	95796:495	18264	2734
7f000001:2328	95796:496	15885	81478
7f000001:2328	95796:497	2998	14273
7f000001:2328	95796:498	12773	1139
7f000001:2328	95796:499	52629	4856
7f000001:2328	95796:500	22187	1288
7f000001:2328	95796:501	9923	9332
7f000001:2328	95796:502	7934	5474
7f000001:2328	95796:503	53126	2372
7f000001:2328	95796:504	10232	3876
7f000001:2328	95796:505	7264	4694
7f000001:2328	95796:506	16839	18024
7f000001:2328	95796:507	829	38686
7f000001:2328	95796:508	48	10041
7f000001:2328	95796:509	14960	1907
7f000001:2328	95796:510	3734	8779
7f000001:2328	95796:511	40595	48943
7f000001:2328	95796:512	24458	30270
7f000001:2328	95796:513	6737	14609
7f000001:2328	95796:514	8900	26842
7f000001:2328	95796:515	25487	10540
7f000001:2328	95796:516	55297	23057
7f000001:2328	95796:517	32700	61882
7f000001:2328	95796:518	13942	386
7f000001:2328	95796:519	17759	48671
7f000001:2328	95796:520	27676	5730
7f000001:2328	95796:521	72507	15213
7f000001:2328	95796:522	7551	11689
7f000001:2328	95796:523	43135	6038
7f000001:2328	95796:524	1077	649
7f000001:2328	95796:525	11771	9570
7f000001:2328	95796:526	15	2813
7f000001:2328	95796:527	9960	39892
7f000001:2328	95796:528	3539	7781
7f000001:2328	95796:529	79312	1728
7f000001:2328	95796:530	40528	10887
7f000001:2328	95796:531	28743	1621
7f000001:2328	95796:532	22642	4777
7f000001:2328	95796:533	3364	72006
7f000001:2328	95796:534	75320	1974
7f000001:2328	95796:535	30706	5533
7f000001:2328	95796:536	16705	47302
7f000001:2328	95796:537	6592	4083
7f000001:2328	95796:538	25395	4947
7f000001:2328	95796:539	17138	20724
7f000001:2328	95796:540	84127	11369
7f000001:2328	95796:541	64424	3502
7f000001:2328	95796:542	39115	4628
7f000001:2328	95796:543	124727	10240
7f000001:2328	95796:544	39522	18349
7f000001:2328	95796:545	8906	2165
7f000001:2328	95796:546	14370	4382
7f000001:2328	95796:547	3	5316
7f000001:2328	95796:548	11579	8851
7f000001:2328	95796:549	12934	9717
7f000001:2328	95796:550	1162	6110
7f000001:2328	95796:551	30894	38376
7f000001:2328	95796:552	3516	2978
7f000001:2328	95796:553	14995	1531
7f000001:2328	95796:554	83872	14152
7f000001:2328	95796:555	4086	48878
7f000001:2328	95796:556	55072	12868
7f000001:2328	95796:557	100042	5097
7f000001:2328	95796:558	14087	640
7f000001:2328	95796:559	17279	4067
7f000001:2328	95796:560	8069	7041
7f000001:2328	95796:561	48370	83290
7f000001:2328	95796:562	56899	85893
7f000001:2328	95796:563	38617	125969
7f000001:2328	95796:564	2715	45200
7f000001:2328	95796:565	5873	67647
7f000001:2328	95796:566	3966	7474
7f000001:2328	95796:567	44929	5172
7f000001:2328	95796:568	11137	29095
7f000001:2328	95796:569	15303	33239
7f000001:2328	95796:570	25368	13640
7f000001:2328	95796:571	21414	1266
7f000001:2328	95796:572	931	49125
7f000001:2328	95796:573	39264	10332
7f000001:2328	95796:574	130837	14886
7f000001:2328	95796:575	30764	51843
7f000001:2328	95796:576	57739	11725
7f000001:2328	95796:577	15753	16736
7f000001:2328	95796:578	6808	30886
7f000001:2328	95796:579	14006	392
7f000001:2328	95796:580	26795	12193
7f000001:2328	95796:581	36208	7929
7f000001:2328	95796:582	150483	6730
7f000001:2328	95796:583	45587	21848
7f000001:2328	95796:584	49778	18475
7f000001:2328	95796:585	10125	6359
7f000001:2328	95796:586	27397	18808
7f000001:2328	95796:587	24930	24512
7f000001:2328	95796:588	63943	4803
7f000001:2328	95796:589	23112	6814
7f000001:2328	95796:590	33814	18242
7f000001:2328	95796:591	181090	6943
7f000001:2328	95796:592	20871	14764
7f000001:2328	95796:593	111637	6414
7f000001:2328	95796:594	17406	38812
7f000001:2328	95796:595	10017	25873
7f000001:2328	95796:596	15353	42063
7f000001:2328	95796:597	14960	971
7f000001:2328	95796:598	116754	21347
7f000001:2328	95796:599	69393	15143
7f000001:2328	95796:600	53887	53052
7f000001:2328	95796:601	29917	16171
7f000001:2328	95796:602	41621	3634
7f000001:2328	95796:603	20891	5928
7f000001:2328	95796:604	15923	2484
7f000001:2328	95796:605	13216	8226
7f000001:2328	95796:606	22065	52515
7f000001:2328	95796:607	15514	4099
7f000001:2328	95796:608	1270	102
7f000001:2328	95796:609	3375	29197
7f000001:2328	95796:610	12162	16695
7f000001:2328	95796:611	1953	33024
7f000001:2328	95796:612	6740	4121
7f000001:2328	95796:613	82045	16738
7f000001:2328	95796:614	47913	2094
7f000001:2328	95796:615	11985	18209
7f000001:2328	95796:616	78429	4669
7f000001:2328	95796:617	17746	1330
7f000001:2328	95796:618	61309	1930
7f000001:2328	95796:619	17381	25853
7f000001:2328	95796:620	108610	15255
7f000001:2328	95796:621	50830	1430
7f000001:2328	95796:622	56686	30654
7f000001:2328	95796:623	26438	31138
7f000001:2328	95796:624	10653	5414
7f000001:2328	95796:625	15909	5198
7f000001:2328	95796:626	7615	16734
7f000001:2328	95796:627	12310	8495
7f000001:2328	95796:628	42357	27931
7f000001:2328	95796:629	4905	14293
7f000001:2328	95796:630	9047	37448
7f000001:2328	95796:631	98341	3130
7f000001:2328	95796:632	8676	21859
7f000001:2328	95796:633	4064	40094
7f000001:2328	95796:634	2612	19498
7f000001:2328	95796:635	64304	26865
7f000001:2328	95796:636	23833	29326
7f000001:2328	95796:637	14862	28028
7f000001:2328	95796:638	8456	57519
7f000001:2328	95796:639	36232	4206
7f000001:2328	95796:640	2293	7500
7f000001:2328	95796:641	41396	1911
7f000001:2328	95796:642	4776	15726
7f000001:2328	95796:643	4507	3542
7f000001:2328	95796:644	103268	8198
7f000001:2328	95796:645	7709	17513
7f000001:2328	95796:646	22250	232
7f000001:2328	95796:647	13082	15975
7f000001:2328	95796:648	48674	22338
7f000001:2328	95796:649	7992	9530
7f000001:2328	95796:650	953	31800
7f000001:2328	95796:651	41252	5762
7f000001:2328	95796:652	22835	8852
7f000001:2328	95796:653	5982	3305
7f000001:2328	95796:654	9576	10238
7f000001:2328	95796:655	371317	65335
7f000001:2328	95796:656	4572	23479
7f000001:2328	95796:657	17423	8863
7f000001:2328	95796:658	7498	32052
7f000001:2328	95796:659	24186	12618
7f000001:2328	95796:660	5538	17249
7f000001:2328	95796:661	14759	15393
7f000001:2328	95796:662	23761	15310
7f000001:2328	95796:663	10217	3491
7f000001:2328	95796:664	19488	137170
7f000001:2328	95796:665	12072	167
7f000001:2328	95796:666	1266	14096
7f000001:2328	95796:667	69897	12883
7f000001:2328	95796:668	46415	58768
7f000001:2328	95796:669	3227	5783
7f000001:2328	95796:670	45901	49757
7f000001:2328	95796:671	24189	7980
7f000001:2328	95796:672	39940	33115
7f000001:2328	95796:673	52873	30732
7f000001:2328	95796:674	41757	21923
7f000001:2328	95796:675	2073	11121
7f000001:2328	95796:676	431	4426
7f000001:2328	95796:677	30025	32339
7f000001:2328	95796:678	59270	22518
7f000001:2328	95796:679	35061	8833
7f000001:2328	95796:680	46507	20291
7f000001:2328	95796:681	19285	16554
7f000001:2328	95796:682	30312	21636
7f000001:2328	95796:683	42863	23250
7f000001:2328	95796:684	27538	8253
7f000001:2328	95796:685	76223	15106
7f000001:2328	95796:686	95343	19646
7f000001:2328	95796:687	31807	1659
7f000001:2328	95796:688	12114	8430
7f000001:2328	95796:689	85215	13568
7f000001:2328	95796:690	33880	16195
7f000001:2328	95796:691	17576	1183
7f000001:2328	95796:692	60919	1466
7f000001:2328	95796:693	7096	15778
7f000001:2328	95796:694	134056	46561
7f000001:2328	95796:695	23681	41447
7f000001:2328	95796:696	7094	23589
7f000001:2328	95796:697	53409	46046
7f000001:2328	95796:698	57101	2424
7f000001:2328	95796:699	44965	20500
7f000001:2328	95796:700	59682	41517
7f000001:2328	95796:701	26182	38443
7f000001:2328	95796:702	11464	1988
7f000001:2328	95796:703	13558	8385
7f000001:2328	95796:704	4987	43474
7f000001:2328	95796:705	6283	5888
7f000001:2328	95796:706	10460	24168
7f000001:2328	95796:707	5929	1586
7f000001:2328	95796:708	65155	22744
7f000001:2328	95796:709	93515	3495
7f000001:2328	95796:710	14827	13170
7f000001:2328	95796:711	10943	1397
7f000001:2328	95796:712	11314	26504
7f000001:2328	95796:713	24991	18967
7f000001:2328	95796:714	18389	54072
7f000001:2328	95796:715	23351	23754
7f000001:2328	95796:716	6610	9753
7f000001:2328	95796:717	23666	1210
7f000001:2328	95796:718	40649	16618
7f000001:2328	95796:719	4797	22486
7f000001:2328	95796:720	84132	17421
7f000001:2328	95796:721	5326	16767
7f000001:2328	95796:722	18752	7443
7f000001:2328	95796:723	61	6067
7f000001:2328	95796:724	7069	5143
7f000001:2328	95796:725	12545	93884
7f000001:2328	95796:726	8150	12176
7f000001:2328	95796:727	6575	8236
7f000001:2328	95796:728	19163	1111
7f000001:2328	95796:729	48000	20441
7f000001:2328	95796:730	89978	5574
7f000001:2328	95796:731	22465	76255
7f000001:2328	95796:732	43643	19120
7f000001:2328	95796:733	6399	21480
7f000001:2328	95796:734	2750	10184
7f000001:2328	95796:735	15978	14470
7f000001:2328	95796:736	49677	6059
7f000001:2328	95796:737	41299	28221
7f000001:2328	95796:738	1366	2209
7f000001:2328	95796:739	2182	37210
7f000001:2328	95796:740	88533	37872
7f000001:2328	95796:741	3689	53206
7f000001:2328	95796:742	41824	30129
7f000001:2328	95796:743	2019	2208
7f000001:2328	95796:744	39285	12992
7f000001:2328	95796:745	38809	2519
7f000001:2328	95796:746	14290	34516
7f000001:2328	95796:747	61137	3979
7f000001:2328	95796:748	10596	526
7f000001:2328	95796:749	37683	9823
7f000001:2328	95796:750	63294	199
7f000001:2328	95796:751	116375	42691
7f000001:2328	95796:752	52440	15113
7f000001:2328	95796:753	81579	55542
7f000001:2328	95796:754	10070	17477
7f000001:2328	95796:755	2206	6709
7f000001:2328	95796:756	54052	19730
7f000001:2328	95796:757	2713	19047
7f000001:2328	95796:758	17156	21681
7f000001:2328	95796:759	32051	1449
7f000001:2328	95796:760	54825	5397
7f000001:2328	95796:761	13283	2823
7f000001:2328	95796:762	31615	58775
7f000001:2328	95796:763	14148	44248
7f000001:2328	95796:764	40676	8930
7f000001:2328	95796:765	114480	5924
7f000001:2328	95796:766	8655	23529
7f000001:2328	95796:767	13449	4624
7f000001:2328	95796:768	58057	1399
7f000001:2328	95796:769	1667	29330
7f000001:2328	95796:770	4969	10882
7f000001:2328	95796:771	50458	43057
7f000001:2328	95796:772	52712	47565
7f000001:2328	95796:773	49946	52672
7f000001:2328	95796:774	104128	27861
7f000001:2328	95796:775	24726	7477
7f000001:2328	95796:776	30577	4095
7f000001:2328	95796:777	45	59886
7f000001:2328	95796:778	18663	7238
7f000001:2328	95796:779	29108	6053
7f000001:2328	95796:780	4343	2128
7f000001:2328	95796:781	36117	5200
7f000001:2328	95796:782	15757	68098
7f000001:2328	95796:783	54214	43803
7f000001:2328	95796:784	10273	66551
7f000001:2328	95796:785	93694	2988
7f000001:2328	95796:786	21868	8870
7f000001:2328	95796:787	42538	29250
7f000001:2328	95796:788	36990	2379
7f000001:2328	95796:789	26179	1490
7f000001:2328	95796:790	30256	1626
7f000001:2328	95796:791	23486	20065
7f000001:2328	95796:792	13925	27945
7f000001:2328	95796:793	5715	2324
7f000001:2328	95796:794	250	29901
7f000001:2328	95796:795	11721	93070
7f000001:2328	95796:796	57713	11392
7f000001:2328	95796:797	32129	68659
7f000001:2328	95796:798	9965	4252
7f000001:2328	95796:799	7989	42198
7f000001:2328	95796:800	7797	5909
7f000001:2328	95796:801	21797	29474
7f000001:2328	95796:802	2206	47021
7f000001:2328	95796:803	49425	636
7f000001:2328	95796:804	30541	1076
7f000001:2328	95796:805	60931	47081
7f000001:2328	95796:806	32051	2005
7f000001:2328	95796:807	75773	426
7f000001:2328	95796:808	19157	371
7f000001:2328	95796:809	70152	10437
7f000001:2328	95796:810	53684	28166
7f000001:2328	95796:811	37135	8429
7f000001:2328	95796:812	10935	40102
7f000001:2328	95796:813	1035	1743
7f000001:2328	95796:814	8505	13693
7f000001:2328	95796:815	112365	29345
7f000001:2328	95796:816	2885	18756
7f000001:2328	95796:817	15184	21661
7f000001:2328	95796:818	69714	1672
7f000001:2328	95796:819	32881	45414
7f000001:2328	95796:820	68658	50041
7f000001:2328	95796:821	8509	4924
7f000001:2328	95796:822	58101	11369
7f000001:2328	95796:823	19032	6689
7f000001:2328	95796:824	34556	19191
7f000001:2328	95796:825	63232	1400
7f000001:2328	95796:826	13370	2151
7f000001:2328	95796:827	7100	10866
7f000001:2328	95796:828	5126	13177
7f000001:2328	95796:829	21286	8902
7f000001:2328	95796:830	41340	12622
7f000001:2328	95796:831	59646	6296
7f000001:2328	95796:832	11160	28458
7f000001:2328	95796:833	9424	6586
7f000001:2328	95796:834	72470	31028
7f000001:2328	95796:835	60774	59526
7f000001:2328	95796:836	5009	1029
7f000001:2328	95796:837	14923	5032
7f000001:2328	95796:838	8064	1235
7f000001:2328	95796:839	38238	49566
7f000001:2328	95796:840	4710	25224
7f000001:2328	95796:841	24664	1717
7f000001:2328	95796:842	14988	35593
7f000001:2328	95796:843	38470	12707
7f000001:2328	95796:844	34159	11751
7f000001:2328	95796:845	31540	5782
7f000001:2328	95796:846	30090	4938
7f000001:2328	95796:847	5694	327
7f000001:2328	95796:848	9183	99458
7f000001:2328	95796:849	29584	12663
7f000001:2328	95796:850	3543	6101
7f000001:2328	95796:851	5641	26493
7f000001:2328	95796:852	3114	49720
7f000001:2328	95796:853	103330	7361
7f000001:2328	95796:854	21050	5190
7f000001:2328	95796:855	19590	15156
7f000001:2328	95796:856	76557	1934
7f000001:2328	95796:857	6151	20555
7f000001:2328	95796:858	16179	30145
7f000001:2328	95796:859	1646	7503
7f000001:2328	95796:860	55555	12282
7f000001:2328	95796:861	10175	42833
7f000001:2328	95796:862	69130	34514
7f000001:2328	95796:863	32710	40334
7f000001:2328	95796:864	4491	34643
7f000001:2328	95796:865	68257	12478
7f000001:2328	95796:866	4221	24568
7f000001:2328	95796:867	27353	24265
7f000001:2328	95796:868	32753	43909
7f000001:2328	95796:869	10216	38563
7f000001:2328	95796:870	2238	9136
7f000001:2328	95796:871	20710	78725
7f000001:2328	95796:872	67579	12345
7f000001:2328	95796:873	74033	19861
7f000001:2328	95796:874	111918	17086
7f000001:2328	95796:875	15411	43314
7f000001:2328	95796:876	45012	6949
7f000001:2328	95796:877	10531	19179
7f000001:2328	95796:878	4523	33353
7f000001:2328	95796:879	36402	9402
7f000001:2328	95796:880	112447	25241
7f000001:2328	95796:881	17358	12162
7f000001:2328	95796:882	103377	1269
7f000001:2328	95796:883	41843	11690
7f000001:2328	95796:884	2471	16308
7f000001:2328	95796:885	28844	35450
7f000001:2328	95796:886	12833	9429
7f000001:2328	95796:887	9091	21548
7f000001:2328	95796:888	24840	20553
7f000001:2328	95796:889	31431	1362
7f000001:2328	95796:890	357	3778
7f000001:2328	95796:891	4262	9602
7f000001:2328	95796:892	30274	50879
7f000001:2328	95796:893	38802	570
7f000001:2328	95796:894	70978	13442
7f000001:2328	95796:895	47	20361
7f000001:2328	95796:896	55628	19186
7f000001:2328	95796:897	20957	820
7f000001:2328	95796:898	10235	10334
7f000001:2328	95796:899	7973	27492
7f000001:2328	95796:900	59714	4908
7f000001:2328	95796:901	29680	13321
7f000001:2328	95796:902	73749	316
7f000001:2328	95796:903	48515	21213
7f000001:2328	95796:904	1072	56
7f000001:2328	95796:905	15861	41428
7f000001:2328	95796:906	7058	29270
7f000001:2328	95796:907	17343	14994
7f000001:2328	95796:908	26254	25761
7f000001:2328	95796:909	30864	47020
7f000001:2328	95796:910	41695	6249
7f000001:2328	95796:911	35013	1511
7f000001:2328	95796:912	8822	40845
7f000001:2328	95796:913	24400	5635
7f000001:2328	95796:914	1207	21139
7f000001:2328	95796:915	14639	9112
7f000001:2328	95796:916	24789	1844
7f000001:2328	95796:917	25077	25854
7f000001:2328	95796:918	5601	3584
7f000001:2328	95796:919	52121	11231
7f000001:2328	95796:920	41903	17214
7f000001:2328	95796:921	1162	1748
7f000001:2328	95796:922	30641	5613
7f000001:2328	95796:923	53668	7916
7f000001:2328	95796:924	26813	22916
7f000001:2328	95796:925	2222	26219
7f000001:2328	95796:926	22153	36842
7f000001:2328	95796:927	12986	32756
7f000001:2328	95796:928	39306	18387
7f000001:2328	95796:929	84476	3969
7f000001:2328	95796:930	50065	2004
7f000001:2328	95796:931	27476	13805
7f000001:2328	95796:932	19971	14038
7f000001:2328	95796:933	75402	15238
7f000001:2328	95796:934	62373	62338
7f000001:2328	95796:935	24380	4623
7f000001:2328	95796:936	2037	16643
7f000001:2328	95796:937	8517	17848
7f000001:2328	95796:938	41581	16654
7f000001:2328	95796:939	10882	14155
7f000001:2328	95796:940	11549	11900
7f000001:2328	95796:941	8526	11390
7f000001:2328	95796:942	64025	8343
7f000001:2328	95796:943	1041	12775
7f000001:2328	95796:944	1228	3883
7f000001:2328	95796:945	8967	12602
7f000001:2328	95796:946	28875	12658
7f000001:2328	95796:947	44569	58743
7f000001:2328	95796:948	92912	17892
7f000001:2328	95796:949	58476	2824
7f000001:2328	95796:950	23565	3220
7f000001:2328	95796:951	594	2016
7f000001:2328	95796:952	82928	14867
7f000001:2328	95796:953	3106	29319
7f000001:2328	95796:954	158826	5621
7f000001:2328	95796:955	1445	2107
7f000001:2328	95796:956	6362	1000
7f000001:2328	95796:957	56019	5613
7f000001:2328	95796:958	88433	4023
7f000001:2328	95796:959	29858	9223
7f000001:2328	95796:960	15947	2229
7f000001:2328	95796:961	3674	3443
7f000001:2328	95796:962	27275	5091
7f000001:2328	95796:963	26172	12318
7f000001:2328	95796:964	38021	8283
7f000001:2328	95796:965	26419	6985
7f000001:2328	95796:966	64362	7203
7f000001:2328	95796:967	5241	4068
7f000001:2328	95796:968	55331	15417
7f000001:2328	95796:969	43559	41571
7f000001:2328	95796:970	9855	7582
7f000001:2328	95796:971	996	549
7f000001:2328	95796:972	39947	28037
7f000001:2328	95796:973	6959	4841
7f000001:2328	95796:974	18176	39254
7f000001:2328	95796:975	1223	24057
7f000001:2328	95796:976	7934	15527
7f000001:2328	95796:977	35512	16229
7f000001:2328	95796:978	11795	20611
7f000001:2328	95796:979	9649	7107
7f000001:2328	95796:980	38561	12406
7f000001:2328	95796:981	49567	43037
7f000001:2328	95796:982	70643	84457
7f000001:2328	95796:983	31291	15383
7f000001:2328	95796:984	52837	12004
7f000001:2328	95796:985	10172	19547
7f000001:2328	95796:986	35915	13229
7f000001:2328	95796:987	3050	50667
7f000001:2328	95796:988	30417	53708
7f000001:2328	95796:989	69732	686
7f000001:2328	95796:990	17527	7583
7f000001:2328	95796:991	2686	1704
7f000001:2328	95796:992	76427	38211
7f000001:2328	95796:993	31940	35664
7f000001:2328	95796:994	56294	41810
7f000001:2328	95796:995	9224	11917
7f000001:2328	95796:996	85115	14367
7f000001:2328	95796:997	57656	49551
7f000001:2328	95796:998	3680	13139
7f000001:2328	95796:999	49219	12651
7f000001:2328	95796:1000	44851	26906
7f000001:2328	95796:1001	23757	9081
7f000001:2328	95796:1002	36036	25501
7f000001:2328	95796:1003	62098	19596
7f000001:2328	95796:1004	4171	7382
7f000001:2328	95796:1005	23250	13314
7f000001:2328	95796:1006	31883	27673
7f000001:2328	95796:1007	8201	55439
7f000001:2328	95796:1008	72891	6330
7f000001:2328	95796:1009	71292	31742
7f000001:2328	95796:1010	41903	14820
7f000001:2328	95796:1011	20195	35525
7f000001:2328	95796:1012	6023	21965
7f000001:2328	95796:1013	48446	3905
7f000001:2328	95796:1014	19072	18078
7f000001:2328	95796:1015	31618	12127
7f000001:2328	95796:1016	31538	56453
7f000001:2328	95796:1017	62916	17237
7f000001:2328	95796:1018	7717	12929
7f000001:2328	95796:1019	2047	13780
7f000001:2328	95796:1020	33214	9696
7f000001:2328	95796:1021	5530	34076
7f000001:2328	95796:1022	11640	4066
7f000001:2328	95796:1023	17331	35018
7f000001:2328	95796:1024	3586	12180
7f000001:2328	95796:1025	2877	4780
7f000001:2328	95796:1026	21601	29858
7f000001:2328	95796:1027	7247	11735
7f000001:2328	95796:1028	3840	70683
7f000001:2328	95796:1029	21762	1482
7f000001:2328	95796:1030	49181	15459
7f000001:2328	95796:1031	3655	13075
7f000001:2328	95796:1032	2770	1237
7f000001:2328	95796:1033	40356	29672
7f000001:2328	95796:1034	128364	53685
7f000001:2328	95796:1035	23419	10717
7f000001:2328	95796:1036	2900	4372
7f000001:2328	95796:1037	17329	3388
7f000001:2328	95796:1038	7221	24302
7f000001:2328	95796:1039	58248	30396
7f000001:2328	95796:1040	22518	1812
7f000001:2328	95796:1041	17228	23193
7f000001:2328	95796:1042	20255	6565
7f000001:2328	95796:1043	108015	19484
7f000001:2328	95796:1044	39825	1076
7f000001:2328	95796:1045	17974	27173
7f000001:2328	95796:1046	21402	29735
7f000001:2328	95796:1047	53680	10548
7f000001:2328	95796:1048	32232	17876
7f000001:2328	95796:1049	27753	15015
7f000001:2328	95796:1050	63778	35259
7f000001:2328	95796:1051	121776	3557
7f000001:2328	95796:1052	27315	5363
7f000001:2328	95796:1053	8841	8119
7f000001:2328	95796:1054	60748	1300
7f000001:2328	95796:1055	22	13047
7f000001:2328	95796:1056	42018	3937
7f000001:2328	95796:1057	19269	34846
7f000001:2328	95796:1058	47220	61831
7f000001:2328	95796:1059	16858	54528
7f000001:2328	95796:1060	83461	17090
7f000001:2328	95796:1061	68756	3614
7f000001:2328	95796:1062	48985	38122
7f000001:2328	95796:1063	20927	13469
7f000001:2328	95796:1064	15783	25715
7f000001:2328	95796:1065	114768	7908
7f000001:2328	95796:1066	7108	2184
7f000001:2328	95796:1067	7679	12547
7f000001:2328	95796:1068	13116	4465
7f000001:2328	95796:1069	64796	62616
7f000001:2328	95796:1070	51620	11942
7f000001:2328	95796:1071	32341	6555
7f000001:2328	95796:1072	4150	9307
7f000001:2328	95796:1073	70345	2558
7f000001:2328	95796:1074	64485	41963
7f000001:2328	95796:1075	3667	43230
7f000001:2328	95796:1076	36822	35721
7f000001:2328	95796:1077	77712	28493
7f000001:2328	95796:1078	13191	4731
7f000001:2328	95796:1079	20305	20930
7f000001:2328	95796:1080	6351	39257
7f000001:2328	95796:1081	13959	49036
7f000001:2328	95796:1082	9307	15070
7f000001:2328	95796:1083	55098	22288
7f000001:2328	95796:1084	24216	405
7f000001:2328	95796:1085	31631	469
7f000001:2328	95796:1086	5902	32885
7f000001:2328	95796:1087	37929	92191
7f000001:2328	95796:1088	31765	2013
7f000001:2328	95796:1089	12727	12496
7f000001:2328	95796:1090	18876	7552
7f000001:2328	95796:1091	88320	3628
7f000001:2328	95796:1092	25485	33369
7f000001:2328	95796:1093	9823	279
7f000001:2328	95796:1094	25711	444
7f000001:2328	95796:1095	3541	8679
7f000001:2328	95796:1096	4768	18764
7f000001:2328	95796:1097	3255	32372
7f000001:2328	95796:1098	14989	409
7f000001:2328	95796:1099	54446	7606
7f000001:2328	95796:1100	8740	20546
7f000001:2328	95796:1101	30567	4223
7f000001:2328	95796:1102	20888	14258
7f000001:2328	95796:1103	9202	1182
7f000001:2328	95796:1104	3093	13168
7f000001:2328	95796:1105	15717	8730
7f000001:2328	95796:1106	8506	36153
7f000001:2328	95796:1107	1755	23321
7f000001:2328	95796:1108	2256	15232
7f000001:2328	95796:1109	44189	26784
7f000001:2328	95796:1110	52528	29771
7f000001:2328	95796:1111	36219	2456
7f000001:2328	95796:1112	17534	33495
7f000001:2328	95796:1113	4369	5726
7f000001:2328	95796:1114	17936	69138
7f000001:2328	95796:1115	4115	27410
7f000001:2328	95796:1116	14621	3244
7f000001:2328	95796:1117	25281	12744
7f000001:2328	95796:1118	13592	34619
7f000001:2328	95796:1119	11912	5096
7f000001:2328	95796:1120	32152	9905
7f000001:2328	95796:1121	114169	49553
7f000001:2328	95796:1122	9215	16515
7f000001:2328	95796:1123	6586	13298
7f000001:2328	95796:1124	143478	4218
7f000001:2328	95796:1125	6418	21978
7f000001:2328	95796:1126	23340	33797
7f000001:2328	95796:1127	11200	25409
7f000001:2328	95796:1128	9879	4819
7f000001:2328	95796:1129	4139	308
7f000001:2328	95796:1130	12286	709
7f000001:2328	95796:1131	108969	4729
7f000001:2328	95796:1132	28373	182
7f000001:2328	95796:1133	1570	23438
7f000001:2328	95796:1134	29406	5187
7f000001:2328	95796:1135	40334	21321
7f000001:2328	95796:1136	19202	19293
7f000001:2328	95796:1137	43677	77280
7f000001:2328	95796:1138	11534	15445
7f000001:2328	95796:1139	52569	17547
7f000001:2328	95796:1140	21243	5828
7f000001:2328	95796:1141	25543	24566
7f000001:2328	95796:1142	4979	6734
7f000001:2328	95796:1143	38183	9659
7f000001:2328	95796:1144	803	5923
7f000001:2328	95796:1145	5461	1983
7f000001:2328	95796:1146	2481	6415
7f000001:2328	95796:1147	8391	7600
7f000001:2328	95796:1148	42215	21767
7f000001:2328	95796:1149	2246	1196
7f000001:2328	95796:1150	48576	4763
7f000001:2328	95796:1151	5625	14990
7f000001:2328	95796:1152	103465	11693
7f000001:2328	95796:1153	49111	3995
7f000001:2328	95796:1154	24477	9727
7f000001:2328	95796:1155	133771	8864
7f000001:2328	95796:1156	41351	66610
7f000001:2328	95796:1157	38953	41296
7f000001:2328	95796:1158	7134	1416
7f000001:2328	95796:1159	646	1714
7f000001:2328	95796:1160	23584	63278
7f000001:2328	95796:1161	37398	8376
7f000001:2328	95796:1162	3175	22863
7f000001:2328	95796:1163	41336	32595
7f000001:2328	95796:1164	6737	25073
7f000001:2328	95796:1165	16882	30888
7f000001:2328	95796:1166	43732	309
7f000001:2328	95796:1167	1115	6597
7f000001:2328	95796:1168	21910	20035
7f000001:2328	95796:1169	59601	60001
7f000001:2328	95796:1170	10560	15416
7f000001:2328	95796:1171	18766	27420
7f000001:2328	95796:1172	27917	53854
7f000001:2328	95796:1173	8470	4629
7f000001:2328	95796:1174	43430	7246
7f000001:2328	95796:1175	5530	656
7f000001:2328	95796:1176	3084	3700
7f000001:2328	95796:1177	6833	1213
7f000001:2328	95796:1178	30688	19982
7f000001:2328	95796:1179	41926	24538
7f000001:2328	95796:1180	9840	35341
7f000001:2328	95796:1181	61336	55285
7f000001:2328	95796:1182	43171	38941
7f000001:2328	95796:1183	43759	13228
7f000001:2328	95796:1184	27117	5116
7f000001:2328	95796:1185	14322	1686
7f000001:2328	95796:1186	10305	10841
7f000001:2328	95796:1187	98843	14471
7f000001:2328	95796:1188	12422	2429
7f000001:2328	95796:1189	5270	7398
7f000001:2328	95796:1190	2927	18393
7f000001:2328	95796:1191	93047	20640
7f000001:2328	95796:1192	64848	2051
7f000001:2328	95796:1193	24743	23457
7f000001:2328	95796:1194	24598	22316
7f000001:2328	95796:1195	4856	2222
7f000001:2328	95796:1196	34378	3652
7f000001:2328	95796:1197	13050	14029
7f000001:2328	95796:1198	1069	12858
7f000001:2328	95796:1199	20823	1827
7f000001:2328	95796:1200	12059	54332
7f000001:2328	95796:1201	2960	3236
7f000001:2328	95796:1202	5512	83448
7f000001:2328	95796:1203	72741	8522
7f000001:2328	95796:1204	20801	28938
7f000001:2328	95796:1205	12676	9365
7f000001:2328	95796:1206	17684	8363
7f000001:2328	95796:1207	757	16785
7f000001:2328	95796:1208	85762	19985
7f000001:2328	95796:1209	17025	3484
7f000001:2328	95796:1210	5234	15546
7f000001:2328	95796:1211	2099	42196
7f000001:2328	95796:1212	90347	13771
7f000001:2328	95796:1213	66156	37630
7f000001:2328	95796:1214	12122	8864
7f000001:2328	95796:1215	30057	12273
7f000001:2328	95796:1216	24424	8332
7f000001:2328	95796:1217	46319	35797
7f000001:2328	95796:1218	24943	469
7f000001:2328	95796:1219	6855	13165
7f000001:2328	95796:1220	3157	11798
7f000001:2328	95796:1221	80422	67359
7f000001:2328	95796:1222	50400	1498
7f000001:2328	95796:1223	23687	16058
7f000001:2328	95796:1224	2386	45107
7f000001:2328	95796:1225	372	26707
7f000001:2328	95796:1226	29879	34436
7f000001:2328	95796:1227	61531	6583
7f000001:2328	95796:1228	84124	8644
7f000001:2328	95796:1229	6317	4224
7f000001:2328	95796:1230	3233	14709
7f000001:2328	95796:1231	32868	9378
7f000001:2328	95796:1232	22405	35909
7f000001:2328	95796:1233	7742	10321
7f000001:2328	95796:1234	40929	981
7f000001:2328	95796:1235	39130	10595
7f000001:2328	95796:1236	1485	21834
7f000001:2328	95796:1237	951	18250
7f000001:2328	95796:1238	54517	14844
7f000001:2328	95796:1239	67904	7566
7f000001:2328	95796:1240	1592	9727
7f000001:2328	95796:1241	14873	12496
7f000001:2328	95796:1242	9908	12848
7f000001:2328	95796:1243	1605	9355
7f000001:2328	95796:1244	7549	21495
7f000001:2328	95796:1245	20222	14674
7f000001:2328	95796:1246	25799	4589
7f000001:2328	95796:1247	107811	41440
7f000001:2328	95796:1248	16719	8037
7f000001:2328	95796:1249	5401	1609
7f000001:2328	95796:1250	30748	23593
7f000001:2328	95796:1251	48184	30044
7f000001:2328	95796:1252	4976	25094
7f000001:2328	95796:1253	19764	59403
7f000001:2328	95796:1254	63991	5096
7f000001:2328	95796:1255	14676	17998
7f000001:2328	95796:1256	5470	24785
7f000001:2328	95796:1257	32202	540
7f000001:2328	95796:1258	37026	35974
7f000001:2328	95796:1259	7954	11480
7f000001:2328	95796:1260	17031	823
7f000001:2328	95796:1261	61375	17673
7f000001:2328	95796:1262	14438	10071
7f000001:2328	95796:1263	19822	61882
7f000001:2328	95796:1264	14866	1545
7f000001:2328	95796:1265	81634	30808
7f000001:2328	95796:1266	11954	8109
7f000001:2328	95796:1267	8228	19417
7f000001:2328	95796:1268	14475	16725
7f000001:2328	95796:1269	7587	23106
7f000001:2328	95796:1270	17848	5882
7f000001:2328	95796:1271	31762	12051
7f000001:2328	95796:1272	53657	8024
7f000001:2328	95796:1273	21752	16808
7f000001:2328	95796:1274	11294	2864
7f000001:2328	95796:1275	53350	17901
7f000001:2328	95796:1276	2951	17358
7f000001:2328	95796:1277	150047	60626
7f000001:2328	95796:1278	1455	80148
7f000001:2328	95796:1279	17145	44999
7f000001:2328	95796:1280	19022	12715
7f000001:2328	95796:1281	16916	39020
7f000001:2328	95796:1282	7965	10011
7f000001:2328	95796:1283	54838	8289
7f000001:2328	95796:1284	34768	24051
7f000001:2328	95796:1285	41515	14457
7f000001:2328	95796:1286	51427	24910
7f000001:2328	95796:1287	6094	19362
7f000001:2328	95796:1288	61624	19174
7f000001:2328	95796:1289	28044	39862
7f000001:2328	95796:1290	40618	4921
7f000001:2328	95796:1291	9175	9290
7f000001:2328	95796:1292	41943	60541
7f000001:2328	95796:1293	23792	6594
7f000001:2328	95796:1294	22064	20306
7f000001:2328	95796:1295	159635	1089
7f000001:2328	95796:1296	36917	5518
7f000001:2328	95796:1297	15823	3041
7f000001:2328	95796:1298	52329	1420
7f000001:2328	95796:1299	5387	2653
7f000001:2328	95796:1300	128613	16780
7f000001:2328	95796:1301	11156	5516
7f000001:2328	95796:1302	30697	9688
7f000001:2328	95796:1303	5894	2446
7f000001:2328	95796:1304	96269	23601
7f000001:2328	95796:1305	807	4253
7f000001:2328	95796:1306	30355	9498
7f000001:2328	95796:1307	91944	3534
7f000001:2328	95796:1308	20466	1786
7f000001:2328	95796:1309	11408	66938
7f000001:2328	95796:1310	21131	5
7f000001:2328	95796:1311	15716	37163
7f000001:2328	95796:1312	55981	803
7f000001:2328	95796:1313	18126	5022
7f000001:2328	95796:1314	12703	27924
7f000001:2328	95796:1315	36611	16398
7f000001:2328	95796:1316	96693	4500
7f000001:2328	95796:1317	37123	13759
7f000001:2328	95796:1318	85574	2640
7f000001:2328	95796:1319	15402	20731
7f000001:2328	95796:1320	3712	490
7f000001:2328	95796:1321	971	71465
7f000001:2328	95796:1322	11342	939
7f000001:2328	95796:1323	68959	38279
7f000001:2328	95796:1324	4373	18800
7f000001:2328	95796:1325	57969	6207
7f000001:2328	95796:1326	29031	27449
7f000001:2328	95796:1327	51355	21863
7f000001:2328	95796:1328	4617	5210
7f000001:2328	95796:1329	86710	45844
7f000001:2328	95796:1330	40835	42478
7f000001:2328	95796:1331	20986	6004
7f000001:2328	95796:1332	100978	16277
7f000001:2328	95796:1333	739	16978
7f000001:2328	95796:1334	27963	62
7f000001:2328	95796:1335	24999	30167
7f000001:2328	95796:1336	1667	1289
7f000001:2328	95796:1337	34090	3264
7f000001:2328	95796:1338	11085	41965
7f000001:2328	95796:1339	9071	5638
7f000001:2328	95796:1340	42881	1043
7f000001:2328	95796:1341	20059	2625
7f000001:2328	95796:1342	16354	2213
7f000001:2328	95796:1343	41121	48488
7f000001:2328	95796:1344	3027	41912
7f000001:2328	95796:1345	56460	11502
7f000001:2328	95796:1346	27348	24296
7f000001:2328	95796:1347	11595	28127
7f000001:2328	95796:1348	45847	13344
7f000001:2328	95796:1349	34673	1313
7f000001:2328	95796:1350	10531	20433
7f000001:2328	95796:1351	26385	13575
7f000001:2328	95796:1352	31085	44214
7f000001:2328	95796:1353	26395	25581
7f000001:2328	95796:1354	40385	852
7f000001:2328	95796:1355	27587	9041
7f000001:2328	95796:1356	22937	10066
7f000001:2328	95796:1357	99674	21539
7f000001:2328	95796:1358	676	3742
7f000001:2328	95796:1359	9055	10925
7f000001:2328	95796:1360	6199	2057
7f000001:2328	95796:1361	15386	11476
7f000001:2328	95796:1362	29684	5982
7f000001:2328	95796:1363	4727	39272
7f000001:2328	95796:1364	6426	10063
7f000001:2328	95796:1365	14434	738
7f000001:2328	95796:1366	1292	1847
7f000001:2328	95796:1367	5358	1431
7f000001:2328	95796:1368	50078	9275
7f000001:2328	95796:1369	78054	57689
7f000001:2328	95796:1370	41702	5172
7f000001:2328	95796:1371	13234	834
7f000001:2328	95796:1372	7485	21952
7f000001:2328	95796:1373	6003	65693
7f000001:2328	95796:1374	21849	1475
7f000001:2328	95796:1375	32974	2199
7f000001:2328	95796:1376	22605	6307
7f000001:2328	95796:1377	4967	3857
7f000001:2328	95796:1378	86423	27703
7f000001:2328	95796:1379	29508	16967
7f000001:2328	95796:1380	33876	29841
7f000001:2328	95796:1381	1803	4691
7f000001:2328	95796:1382	3090	3289
7f000001:2328	95796:1383	52759	7550
7f000001:2328	95796:1384	37143	19309
7f000001:2328	95796:1385	38808	73445
7f000001:2328	95796:1386	43434	36776
7f000001:2328	95796:1387	23593	3986
7f000001:2328	95796:1388	25593	25623
7f000001:2328	95796:1389	28406	8755
7f000001:2328	95796:1390	35664	7414
7f000001:2328	95796:1391	8811	9767
7f000001:2328	95796:1392	32702	8103
7f000001:2328	95796:1393	9805	17411
7f000001:2328	95796:1394	57421	12710
7f000001:2328	95796:1395	1427	5296
7f000001:2328	95796:1396	17654	59223
7f000001:2328	95796:1397	3371	36165
7f000001:2328	95796:1398	35960	1728
7f000001:2328	95796:1399	59442	8001
7f000001:2328	95796:1400	24760	34545
7f000001:2328	95796:1401	8969	8470
7f000001:2328	95796:1402	30097	21035
7f000001:2328	95796:1403	2114	1127
7f000001:2328	95796:1404	121400	430
7f000001:2328	95796:1405	111417	21458
7f000001:2328	95796:1406	53731	73583
7f000001:2328	95796:1407	36580	14152
7f000001:2328	95796:1408	18897	22451
7f000001:2328	95796:1409	7000	15607
7f000001:2328	95796:1410	15042	9482
7f000001:2328	95796:1411	80866	13543
7f000001:2328	95796:1412	8352	13509
7f000001:2328	95796:1413	40257	19929
7f000001:2328	95796:1414	7563	30322
7f000001:2328	95796:1415	63403	512
7f000001:2328	95796:1416	23615	40682
7f000001:2328	95796:1417	37241	8958
7f000001:2328	95796:1418	4308	23865
7f000001:2328	95796:1419	33854	55086
7f000001:2328	95796:1420	7209	2335
7f000001:2328	95796:1421	8524	22923
7f000001:2328	95796:1422	41976	11872
7f000001:2328	95796:1423	1506	4572
7f000001:2328	95796:1424	4949	11036
7f000001:2328	95796:1425	41304	13053
7f000001:2328	95796:1426	11110	36258
7f000001:2328	95796:1427	18332	8070
7f000001:2328	95796:1428	40108	4348
7f000001:2328	95796:1429	11474	643
7f000001:2328	95796:1430	46630	34495
7f000001:2328	95796:1431	48331	30391
7f000001:2328	95796:1432	21049	33639
7f000001:2328	95796:1433	47161	8982
7f000001:2328	95796:1434	42652	42213
7f000001:2328	95796:1435	35039	20535
7f000001:2328	95796:1436	9763	29269
7f000001:2328	95796:1437	16495	34778
7f000001:2328	95796:1438	54642	10001
7f000001:2328	95796:1439	112295	67789
7f000001:2328	95796:1440	5052	9175
7f000001:2328	95796:1441	66107	62687
7f000001:2328	95796:1442	16837	3812
7f000001:2328	95796:1443	58497	30502
7f000001:2328	95796:1444	121564	10246
7f000001:2328	95796:1445	31833	5241
7f000001:2328	95796:1446	80794	86495
7f000001:2328	95796:1447	21795	5750
7f000001:2328	95796:1448	32823	69602
7f000001:2328	95796:1449	9103	86810
7f000001:2328	95796:1450	312	65935
7f000001:2328	95796:1451	3176	9827
7f000001:2328	95796:1452	28052	22640
7f000001:2328	95796:1453	39120	36807
7f000001:2328	95796:1454	43409	24287
7f000001:2328	95796:1455	1901	6964
7f000001:2328	95796:1456	11234	1922
7f000001:2328	95796:1457	24229	9567
7f000001:2328	95796:1458	1499	16759
7f000001:2328	95796:1459	12978	35488
7f000001:2328	95796:1460	72255	27663
7f000001:2328	95796:1461	509	30306
7f000001:2328	95796:1462	75922	3934
7f000001:2328	95796:1463	23028	7964
7f000001:2328	95796:1464	57836	62752
7f000001:2328	95796:1465	51232	25375
7f000001:2328	95796:1466	13139	19460
7f000001:2328	95796:1467	3166	2338
7f000001:2328	95796:1468	27549	41129
7f000001:2328	95796:1469	10804	2833
7f000001:2328	95796:1470	19441	6357
7f000001:2328	95796:1471	38947	38780
7f000001:2328	95796:1472	15151	3948
7f000001:2328	95796:1473	9083	2346
7f000001:2328	95796:1474	33604	23949
7f000001:2328	95796:1475	105853	13523
7f000001:2328	95796:1476	19925	2561
7f000001:2328	95796:1477	32985	3997
7f000001:2328	95796:1478	34647	17779
7f000001:2328	95796:1479	718	18765
7f000001:2328	95796:1480	16317	23116
7f000001:2328	95796:1481	4875	20913
7f000001:2328	95796:1482	5277	12846
7f000001:2328	95796:1483	13432	58925
7f000001:2328	95796:1484	637	1401
7f000001:2328	95796:1485	11358	6955
7f000001:2328	95796:1486	35428	9614
7f000001:2328	95796:1487	31685	13463
7f000001:2328	95796:1488	90304	10463
7f000001:2328	95796:1489	17146	3992
7f000001:2328	95796:1490	25151	34839
7f000001:2328	95796:1491	70033	8427
7f000001:2328	95796:1492	5631	32528
7f000001:2328	95796:1493	6096	12852
7f000001:2328	95796:1494	1514	11036
7f000001:2328	95796:1495	37474	9165
7f000001:2328	95796:1496	56749	52319
7f000001:2328	95796:1497	17178	20844
7f000001:2328	95796:1498	24023	3937
7f000001:2328	95796:1499	17059	1952
7f000001:2328	95796:1500	17552	12415
7f000001:2328	95796:1501	59745	12481
7f000001:2328	95796:1502	27684	792
7f000001:2328	95796:1503	3454	2405
7f000001:2328	95796:1504	46425	4145
7f000001:2328	95796:1505	25108	12716
7f000001:2328	95796:1506	19765	4799
7f000001:2328	95796:1507	53049	381
7f000001:2328	95796:1508	30482	2500
7f000001:2328	95796:1509	9351	14850
7f000001:2328	95796:1510	19039	11404
7f000001:2328	95796:1511	13048	63042
7f000001:2328	95796:1512	10504	15097
7f000001:2328	95796:1513	20088	37354
7f000001:2328	95796:1514	33958	13989
7f000001:2328	95796:1515	35453	18120
7f000001:2328	95796:1516	42063	5565
7f000001:2328	95796:1517	28018	7699
7f000001:2328	95796:1518	30211	50292
7f000001:2328	95796:1519	16490	2696
7f000001:2328	95796:1520	20967	20405
7f000001:2328	95796:1521	4894	1356
7f000001:2328	95796:1522	91917	15229
7f000001:2328	95796:1523	18525	39864
7f000001:2328	95796:1524	69231	2688
7f000001:2328	95796:1525	57788	6013
7f000001:2328	95796:1526	17611	4174
7f000001:2328	95796:1527	8775	45056
7f000001:2328	95796:1528	24314	23555
7f000001:2328	95796:1529	101433	7368
7f000001:2328	95796:1530	13034	20392
7f000001:2328	95796:1531	10246	54
7f000001:2328	95796:1532	86092	5411
7f000001:2328	95796:1533	17655	317
7f000001:2328	95796:1534	62502	11710
7f000001:2328	95796:1535	19274	6178
7f000001:2328	95796:1536	51659	4057
7f000001:2328	95796:1537	4493	2383
7f000001:2328	95796:1538	57223	34039
7f000001:2328	95796:1539	30513	9844
7f000001:2328	95796:1540	11227	6248
7f000001:2328	95796:1541	35297	548
7f000001:2328	95796:1542	14216	9716
7f000001:2328	95796:1543	19547	19683
7f000001:2328	95796:1544	20395	18765
7f000001:2328	95796:1545	12729	16252
7f000001:2328	95796:1546	925	51246
7f000001:2328	95796:1547	41768	4563
7f000001:2328	95796:1548	3402	35410
7f000001:2328	95796:1549	38049	22359
7f000001:2328	95796:1550	7540	33134
7f000001:2328	95796:1551	68557	16120
7f000001:2328	95796:1552	16799	24405
7f000001:2328	95796:1553	11835	1530
7f000001:2328	95796:1554	6010	27912
7f000001:2328	95796:1555	11905	8539
7f000001:2328	95796:1556	40225	1006
7f000001:2328	95796:1557	25572	30200
7f000001:2328	95796:1558	5640	5294
7f000001:2328	95796:1559	5043	26017
7f000001:2328	95796:1560	31908	17510
7f000001:2328	95796:1561	27397	18809
7f000001:2328	95796:1562	53302	4908
7f000001:2328	95796:1563	47544	6543
7f000001:2328	95796:1564	140122	9651
7f000001:2328	95796:1565	1511	62891
7f000001:2328	95796:1566	57773	1244
7f000001:2328	95796:1567	23272	4066
7f000001:2328	95796:1568	1436	9602
7f000001:2328	95796:1569	20711	4430
7f000001:2328	95796:1570	10649	13567
7f000001:2328	95796:1571	22776	24958
7f000001:2328	95796:1572	43413	5107
7f000001:2328	95796:1573	53096	8567
7f000001:2328	95796:1574	96369	25101
7f000001:2328	95796:1575	4851	28670
7f000001:2328	95796:1576	1508	9405
7f000001:2328	95796:1577	9842	23492
7f000001:2328	95796:1578	27167	26089
7f000001:2328	95796:1579	2498	9628
7f000001:2328	95796:1580	61342	7692
7f000001:2328	95796:1581	8941	10952
7f000001:2328	95796:1582	13847	19920
7f000001:2328	95796:1583	22827	7368
7f000001:2328	95796:1584	8479	629
7f000001:2328	95796:1585	3525	2363
7f000001:2328	95796:1586	79871	8346
7f000001:2328	95796:1587	5173	21681
7f000001:2328	95796:1588	19418	6723
7f000001:2328	95796:1589	4511	1504
7f000001:2328	95796:1590	4240	10759
7f000001:2328	95796:1591	1673	353
7f000001:2328	95796:1592	18231	2039
7f000001:2328	95796:1593	21035	1350
7f000001:2328	95796:1594	16755	5961
7f000001:2328	95796:1595	4951	11213
7f000001:2328	95796:1596	109977	1460
7f000001:2328	95796:1597	28466	8256
7f000001:2328	95796:1598	16122	37770
7f000001:2328	95796:1599	7846	2537
7f000001:2328	95796:1600	21399	27881
7f000001:2328	95796:1601	42541	5033
7f000001:2328	95796:1602	26235	9490
7f000001:2328	95796:1603	4638	13429
7f000001:2328	95796:1604	15408	81591
7f000001:2328	95796:1605	36600	37308
7f000001:2328	95796:1606	39058	18898
7f000001:2328	95796:1607	59307	9140
7f000001:2328	95796:1608	4953	973
7f000001:2328	95796:1609	43175	11845
7f000001:2328	95796:1610	24629	6504
7f000001:2328	95796:1611	14431	37136
7f000001:2328	95796:1612	11933	7955
7f000001:2328	95796:1613	27113	5782
7f000001:2328	95796:1614	56575	31646
7f000001:2328	95796:1615	4416	9612
7f000001:2328	95796:1616	41028	37
7f000001:2328	95796:1617	30039	21206
7f000001:2328	95796:1618	74950	10620
7f000001:2328	95796:1619	30584	21332
7f000001:2328	95796:1620	30990	258
7f000001:2328	95796:1621	46253	4302
7f000001:2328	95796:1622	70959	16243
7f000001:2328	95796:1623	29715	25926
7f000001:2328	95796:1624	31132	5883
7f000001:2328	95796:1625	20536	3436
7f000001:2328	95796:1626	14550	492
7f000001:2328	95796:1627	55062	21478
7f000001:2328	95796:1628	22916	51530
7f000001:2328	95796:1629	1775	10221
7f000001:2328	95796:1630	9989	2929
7f000001:2328	95796:1631	52189	40972
7f000001:2328	95796:1632	13082	12709
7f000001:2328	95796:1633	21399	28983
7f000001:2328	95796:1634	14058	27850
7f000001:2328	95796:1635	10437	1714
7f000001:2328	95796:1636	13679	12505
7f000001:2328	95796:1637	19063	30926
7f000001:2328	95796:1638	34415	32059
7f000001:2328	95796:1639	39950	5817
7f000001:2328	95796:1640	29761	5796
7f000001:2328	95796:1641	29953	29
7f000001:2328	95796:1642	57481	5848
7f000001:2328	95796:1643	6716	76
7f000001:2328	95796:1644	68850	2199
7f000001:2328	95796:1645	2490	33414
7f000001:2328	95796:1646	14206	17899
7f000001:2328	95796:1647	21220	100430
7f000001:2328	95796:1648	5229	52352
7f000001:2328	95796:1649	19735	3774
7f000001:2328	95796:1650	11881	98828
7f000001:2328	95796:1651	74244	45572
7f000001:2328	95796:1652	23131	10873
7f000001:2328	95796:1653	38239	77212
7f000001:2328	95796:1654	4221	25191
7f000001:2328	95796:1655	27756	2962
7f000001:2328	95796:1656	6827	14083
7f000001:2328	95796:1657	31313	39582
7f000001:2328	95796:1658	15174	4437
7f000001:2328	95796:1659	22377	5511
7f000001:2328	95796:1660	6235	10511
7f000001:2328	95796:1661	27186	70
7f000001:2328	95796:1662	2256	1108
7f000001:2328	95796:1663	8388	952
7f000001:2328	95796:1664	21448	16760
7f000001:2328	95796:1665	36716	28701
7f000001:2328	95796:1666	9685	4737
7f000001:2328	95796:1667	28761	60227
7f000001:2328	95796:1668	32504	6686
7f000001:2328	95796:1669	15668	14021
7f000001:2328	95796:1670	107187	8849
7f000001:2328	95796:1671	8528	12495
7f000001:2328	95796:1672	64598	35045
7f000001:2328	95796:1673	150568	15574
7f000001:2328	95796:1674	42069	75076
7f000001:2328	95796:1675	7851	6394
7f000001:2328	95796:1676	16226	17612
7f000001:2328	95796:1677	3347	4030
7f000001:2328	95796:1678	30507	5572
7f000001:2328	95796:1679	4272	7634
7f000001:2328	95796:1680	2678	43518
7f000001:2328	95796:1681	11694	12484
7f000001:2328	95796:1682	1977	227
7f000001:2328	95796:1683	20443	10539
7f000001:2328	95796:1684	13896	3453
7f000001:2328	95796:1685	35572	27201
7f000001:2328	95796:1686	22872	1423
7f000001:2328	95796:1687	11388	6596
7f000001:2328	95796:1688	1097	5779
7f000001:2328	95796:1689	10604	7077
7f000001:2328	95796:1690	71987	2232
7f000001:2328	95796:1691	60432	32570
7f000001:2328	95796:1692	7122	5695
7f000001:2328	95796:1693	73040	1938
7f000001:2328	95796:1694	15255	2170
7f000001:2328	95796:1695	13404	27221
7f000001:2328	95796:1696	84322	12769
7f000001:2328	95796:1697	13489	1896
7f000001:2328	95796:1698	22223	20770
7f000001:2328	95796:1699	44221	30328
7f000001:2328	95796:1700	73299	36129
7f000001:2328	95796:1701	47829	37151
7f000001:2328	95796:1702	7401	25546
7f000001:2328	95796:1703	17349	15625
7f000001:2328	95796:1704	17241	48850
7f000001:2328	95796:1705	40000	11786
7f000001:2328	95796:1706	65288	20136
7f000001:2328	95796:1707	2959	17903
7f000001:2328	95796:1708	35865	2683
7f000001:2328	95796:1709	9989	36384
7f000001:2328	95796:1710	34190	47496
7f000001:2328	95796:1711	15259	21217
7f000001:2328	95796:1712	9001	1999
7f000001:2328	95796:1713	10750	4904
7f000001:2328	95796:1714	8990	7088
7f000001:2328	95796:1715	25645	5730
7f000001:2328	95796:1716	12573	12147
7f000001:2328	95796:1717	49137	43454
7f000001:2328	95796:1718	8000	28866
7f000001:2328	95796:1719	4749	28865
7f000001:2328	95796:1720	1959	1864
7f000001:2328	95796:1721	3459	11902
7f000001:2328	95796:1722	157707	21483
7f000001:2328	95796:1723	81296	7038
7f000001:2328	95796:1724	44545	192
7f000001:2328	95796:1725	1985	943
7f000001:2328	95796:1726	53206	10196
7f000001:2328	95796:1727	24847	7606
7f000001:2328	95796:1728	51687	44068
7f000001:2328	95796:1729	2157	3045
7f000001:2328	95796:1730	7499	495
7f000001:2328	95796:1731	12619	70598
7f000001:2328	95796:1732	16723	20547
7f000001:2328	95796:1733	68380	2181
7f000001:2328	95796:1734	23705	94882
7f000001:2328	95796:1735	37788	42347
7f000001:2328	95796:1736	9893	3629
7f000001:2328	95796:1737	137995	27784
7f000001:2328	95796:1738	26310	39839
7f000001:2328	95796:1739	1766	24102
7f000001:2328	95796:1740	31627	8304
7f000001:2328	95796:1741	10476	8619
7f000001:2328	95796:1742	14851	28119
7f000001:2328	95796:1743	4808	3483
7f000001:2328	95796:1744	63691	7205
7f000001:2328	95796:1745	3005	48860
7f000001:2328	95796:1746	20789	6346
7f000001:2328	95796:1747	40007	15595
7f000001:2328	95796:1748	58307	5745
7f000001:2328	95796:1749	14018	3662
7f000001:2328	95796:1750	17205	12954
7f000001:2328	95796:1751	4997	3683
7f000001:2328	95796:1752	14261	14224
7f000001:2328	95796:1753	124894	20770
7f000001:2328	95796:1754	29790	5821
7f000001:2328	95796:1755	10225	11141
7f000001:2328	95796:1756	21216	31691
7f000001:2328	95796:1757	71210	36606
7f000001:2328	95796:1758	56739	1188
7f000001:2328	95796:1759	11827	2058
7f000001:2328	95796:1760	1477	50080
7f000001:2328	95796:1761	97042	2779
7f000001:2328	95796:1762	814	1808
7f000001:2328	95796:1763	4464	4202
7f000001:2328	95796:1764	5000	24324
7f000001:2328	95796:1765	14452	11967
7f000001:2328	95796:1766	5697	21112
7f000001:2328	95796:1767	25710	31661
7f000001:2328	95796:1768	37735	16018
7f000001:2328	95796:1769	3629	49787
7f000001:2328	95796:1770	30578	11525
7f000001:2328	95796:1771	17678	15334
7f000001:2328	95796:1772	28469	42747
7f000001:2328	95796:1773	11632	1766
7f000001:2328	95796:1774	22471	11980
7f000001:2328	95796:1775	67619	20831
7f000001:2328	95796:1776	33392	2860
7f000001:2328	95796:1777	38122	397
7f000001:2328	95796:1778	45482	2468
7f000001:2328	95796:1779	30818	28946
7f000001:2328	95796:1780	80470	21583
7f000001:2328	95796:1781	30291	5694
7f000001:2328	95796:1782	14950	9552
7f000001:2328	95796:1783	23526	1876
7f000001:2328	95796:1784	4953	8718
7f000001:2328	95796:1785	7238	12252
7f000001:2328	95796:1786	89016	16380
7f000001:2328	95796:1787	24105	70864
7f000001:2328	95796:1788	82172	31924
7f000001:2328	95796:1789	77523	11748
7f000001:2328	95796:1790	19715	6362
7f000001:2328	95796:1791	82734	5347
7f000001:2328	95796:1792	6665	3264
7f000001:2328	95796:1793	16265	12695
7f000001:2328	95796:1794	25289	11033
7f000001:2328	95796:1795	7862	3279
7f000001:2328	95796:1796	32262	11796
7f000001:2328	95796:1797	94255	11803
7f000001:2328	95796:1798	52048	13193
7f000001:2328	95796:1799	23813	30460
7f000001:2328	95796:1800	8815	34100
7f000001:2328	95796:1801	1349	8593
7f000001:2328	95796:1802	5211	13019
7f000001:2328	95796:1803	11227	12737
7f000001:2328	95796:1804	1894	5157
7f000001:2328	95796:1805	8797	4148
7f000001:2328	95796:1806	15281	6294
7f000001:2328	95796:1807	49291	2169
7f000001:2328	95796:1808	29533	31610
7f000001:2328	95796:1809	144277	5732
7f000001:2328	95796:1810	11194	1542
7f000001:2328	95796:1811	17928	6664
7f000001:2328	95796:1812	4636	22299
7f000001:2328	95796:1813	35694	9111
7f000001:2328	95796:1814	2060	10361
7f000001:2328	95796:1815	18221	33423
7f000001:2328	95796:1816	66424	8075
7f000001:2328	95796:1817	10458	32155
7f000001:2328	95796:1818	114671	7085
7f000001:2328	95796:1819	37767	19961
7f000001:2328	95796:1820	3399	5600
7f000001:2328	95796:1821	40603	2152
7f000001:2328	95796:1822	7064	16426
7f000001:2328	95796:1823	14862	42182
7f000001:2328	95796:1824	26129	10369
7f000001:2328	95796:1825	42586	3363
7f000001:2328	95796:1826	31309	3128
7f000001:2328	95796:1827	16876	21682
7f000001:2328	95796:1828	54698	5426
7f000001:2328	95796:1829	907	9216
7f000001:2328	95796:1830	38925	17541
7f000001:2328	95796:1831	8279	2729
7f000001:2328	95796:1832	14789	7871
7f000001:2328	95796:1833	5306	19684
7f000001:2328	95796:1834	35413	26936
7f000001:2328	95796:1835	301	4529
7f000001:2328	95796:1836	48385	16226
7f000001:2328	95796:1837	10627	18329
7f000001:2328	95796:1838	22955	1626
7f000001:2328	95796:1839	58211	46478
7f000001:2328	95796:1840	48745	6227
7f000001:2328	95796:1841	27513	41336
7f000001:2328	95796:1842	17565	20856
7f000001:2328	95796:1843	8670	2076
7f000001:2328	95796:1844	37772	12272
7f000001:2328	95796:1845	3986	24372
7f000001:2328	95796:1846	7950	12621
7f000001:2328	95796:1847	11408	88296
7f000001:2328	95796:1848	33528	31362
7f000001:2328	95796:1849	65681	819
7f000001:2328	95796:1850	218	40501
7f000001:2328	95796:1851	45917	34947
7f000001:2328	95796:1852	29006	12588
7f000001:2328	95796:1853	20974	26808
7f000001:2328	95796:1854	127325	68099
7f000001:2328	95796:1855	58859	1221
7f000001:2328	95796:1856	31444	17505
7f000001:2328	95796:1857	31516	20794
7f000001:2328	95796:1858	44336	1980
7f000001:2328	95796:1859	39784	209
7f000001:2328	95796:1860	9966	11392
7f000001:2328	95796:1861	28051	12570
7f000001:2328	95796:1862	12545	67717
7f000001:2328	95796:1863	3488	29015
7f000001:2328	95796:1864	34954	51584
7f000001:2328	95796:1865	17262	17410
7f000001:2328	95796:1866	10875	30345
7f000001:2328	95796:1867	1961	48316
7f000001:2328	95796:1868	8851	12003
7f000001:2328	95796:1869	31967	44267
7f000001:2328	95796:1870	17970	14304
7f000001:2328	95796:1871	45459	8287
7f000001:2328	95796:1872	18370	52963
7f000001:2328	95796:1873	13181	11996
7f000001:2328	95796:1874	10469	5844
7f000001:2328	95796:1875	1752	39815
7f000001:2328	95796:1876	10407	60090
7f000001:2328	95796:1877	169787	41900
7f000001:2328	95796:1878	27956	19800
7f000001:2328	95796:1879	100812	24340
7f000001:2328	95796:1880	5016	13751
7f000001:2328	95796:1881	20713	28859
7f000001:2328	95796:1882	37843	12459
7f000001:2328	95796:1883	17864	2235
7f000001:2328	95796:1884	9838	88122
7f000001:2328	95796:1885	69841	17677
7f000001:2328	95796:1886	25957	25136
7f000001:2328	95796:1887	24547	60905
7f000001:2328	95796:1888	8661	12531
7f000001:2328	95796:1889	7633	23426
7f000001:2328	95796:1890	16860	13424
7f000001:2328	95796:1891	9939	2600
7f000001:2328	95796:1892	77364	4458
7f000001:2328	95796:1893	24444	4706
7f000001:2328	95796:1894	7195	29539
7f000001:2328	95796:1895	17660	24738
7f000001:2328	95796:1896	11073	52054
7f000001:2328	95796:1897	3046	99
7f000001:2328	95796:1898	553	21664
7f000001:2328	95796:1899	30945	1329
7f000001:2328	95796:1900	26145	3435
7f000001:2328	95796:1901	33844	427
7f000001:2328	95796:1902	6962	21872
7f000001:2328	95796:1903	26774	18995
7f000001:2328	95796:1904	26941	373
7f000001:2328	95796:1905	867	15662
7f000001:2328	95796:1906	30524	13086
7f000001:2328	95796:1907	49922	12198
7f000001:2328	95796:1908	2298	1661
7f000001:2328	95796:1909	85684	8702
7f000001:2328	95796:1910	68200	10258
7f000001:2328	95796:1911	5196	30870
7f000001:2328	95796:1912	25734	17377
7f000001:2328	95796:1913	68748	27167
7f000001:2328	95796:1914	6353	33181
7f000001:2328	95796:1915	11744	48424
7f000001:2328	95796:1916	11074	15420
7f000001:2328	95796:1917	79337	80790
7f000001:2328	95796:1918	3198	65589
7f000001:2328	95796:1919	8465	57094
7f000001:2328	95796:1920	13339	21682
7f000001:2328	95796:1921	55816	8294
7f000001:2328	95796:1922	11609	72447
7f000001:2328	95796:1923	77948	44418
7f000001:2328	95796:1924	8789	58666
7f000001:2328	95796:1925	21900	2292
7f000001:2328	95796:1926	16642	3589
7f000001:2328	95796:1927	19713	26603
7f000001:2328	95796:1928	31097	3868
7f000001:2328	95796:1929	1680	2591
7f000001:2328	95796:1930	20978	52350
7f000001:2328	95796:1931	14337	19079
7f000001:2328	95796:1932	34374	18714
7f000001:2328	95796:1933	25972	5411
7f000001:2328	95796:1934	3293	21390
7f000001:2328	95796:1935	7348	18747
7f000001:2328	95796:1936	15746	3674
7f000001:2328	95796:1937	19066	29874
7f000001:2328	95796:1938	10911	357
7f000001:2328	95796:1939	29236	8700
7f000001:2328	95796:1940	54058	2733
7f000001:2328	95796:1941	10183	3857
7f000001:2328	95796:1942	13801	25205
7f000001:2328	95796:1943	1632	10891
7f000001:2328	95796:1944	18217	12660
7f000001:2328	95796:1945	46999	97976
7f000001:2328	95796:1946	34001	2977
7f000001:2328	95796:1947	65592	25778
7f000001:2328	95796:1948	27730	11737
7f000001:2328	95796:1949	15533	17770
7f000001:2328	95796:1950	741	11399
7f000001:2328	95796:1951	54647	39952
7f000001:2328	95796:1952	888	22248
7f000001:2328	95796:1953	28931	17321
7f000001:2328	95796:1954	1400	1376
7f000001:2328	95796:1955	25400	6757
7f000001:2328	95796:1956	3853	13878
7f000001:2328	95796:1957	1045	19047
7f000001:2328	95796:1958	17649	9419
7f000001:2328	95796:1959	29596	95144
7f000001:2328	95796:1960	29281	29271
7f000001:2328	95796:1961	43042	1896
7f000001:2328	95796:1962	4498	20648
7f000001:2328	95796:1963	6718	22221
7f000001:2328	95796:1964	2588	33437
7f000001:2328	95796:1965	2454	9143
7f000001:2328	95796:1966	99689	50960
7f000001:2328	95796:1967	2720	8624
7f000001:2328	95796:1968	16292	14188
7f000001:2328	95796:1969	7829	9008
7f000001:2328	95796:1970	35740	4644
7f000001:2328	95796:1971	2848	53967
7f000001:2328	95796:1972	28038	20146
7f000001:2328	95796:1973	10214	32555
7f000001:2328	95796:1974	30406	21672
7f000001:2328	95796:1975	4352	40015
7f000001:2328	95796:1976	6045	2587
7f000001:2328	95796:1977	8427	94202
7f000001:2328	95796:1978	32489	9607
7f000001:2328	95796:1979	3290	15305
7f000001:2328	95796:1980	10676	5789
7f000001:2328	95796:1981	1391	98741
7f000001:2328	95796:1982	14746	5073
7f000001:2328	95796:1983	59941	23326
7f000001:2328	95796:1984	14290	17227
7f000001:2328	95796:1985	36478	30366
7f000001:2328	95796:1986	58116	20889
7f000001:2328	95796:1987	70391	9722
7f000001:2328	95796:1988	14837	715
7f000001:2328	95796:1989	28722	17944
7f000001:2328	95796:1990	28959	8805
7f000001:2328	95796:1991	31479	10966
7f000001:2328	95796:1992	40198	3917
7f000001:2328	95796:1993	21517	23824
7f000001:2328	95796:1994	7460	11699
7f000001:2328	95796:1995	20013	39467
7f000001:2328	95796:1996	3083	13270
7f000001:2328	95796:1997	37493	11702
7f000001:2328	95796:1998	53715	14048
7f000001:2328	95796:1999	8964	8209
