7f000001:2328	95805:0	16	14871
7f000001:2328	95805:1	66481	6111
7f000001:2328	95805:2	23598	4370
7f000001:2328	95805:3	186223	14361
7f000001:2328	95805:4	37798	5943
7f000001:2328	95805:5	5663	33800
7f000001:2328	95805:6	115402	12030
7f000001:2328	95805:7	14077	5684
7f000001:2328	95805:8	10429	7811
7f000001:2328	95805:9	5460	32940
7f000001:2328	95805:10	38222	37216
7f000001:2328	95805:11	66783	1631
7f000001:2328	95805:12	38718	2808
7f000001:2328	95805:13	99215	12494
7f000001:2328	95805:14	31930	11956
7f000001:2328	95805:15	13294	247
7f000001:2328	95805:16	1164	100748
7f000001:2328	95805:17	123514	30820
7f000001:2328	95805:18	42293	29327
7f000001:2328	95805:19	48851	8438
7f000001:2328	95805:20	23550	6215
7f000001:2328	95805:21	21672	20485
7f000001:2328	95805:22	22610	1085
7f000001:2328	95805:23	37608	3432
7f000001:2328	95805:24	30240	7988
7f000001:2328	95805:25	10707	1338
7f000001:2328	95805:26	215350	15797
7f000001:2328	95805:27	4667	100120
7f000001:2328	95805:28	28434	24183
7f000001:2328	95805:29	10335	15692
7f000001:2328	95805:30	269410	4213
7f000001:2328	95805:31	57642	10195
7f000001:2328	95805:32	28898	27488
7f000001:2328	95805:33	9804	33297
7f000001:2328	95805:34	82020	2050
7f000001:2328	95805:35	1507	2876
7f000001:2328	95805:36	50727	9571
7f000001:2328	95805:37	14343	14133
7f000001:2328	95805:38	36819	2185
7f000001:2328	95805:39	205520	8572
7f000001:2328	95805:40	73121	6167
7f000001:2328	95805:41	54897	49330
7f000001:2328	95805:42	31403	11625
7f000001:2328	95805:43	127188	12596
7f000001:2328	95805:44	189117	7714
7f000001:2328	95805:45	79038	40126
7f000001:2328	95805:46	67864	16306
7f000001:2328	95805:47	87656	15152
7f000001:2328	95805:48	18364	8415
7f000001:2328	95805:49	18649	11832
7f000001:2328	95805:50	41823	21141
7f000001:2328	95805:51	3249	13457
7f000001:2328	95805:52	30462	190
7f000001:2328	95805:53	60372	9828
7f000001:2328	95805:54	29610	55029
7f000001:2328	95805:55	6685	11182
7f000001:2328	95805:56	17302	10585
7f000001:2328	95805:57	13963	9103
7f000001:2328	95805:58	61934	54841
7f000001:2328	95805:59	898	12999
7f000001:2328	95805:60	86184	15215
7f000001:2328	95805:61	6732	10227
7f000001:2328	95805:62	6894	33471
7f000001:2328	95805:63	24853	1586
7f000001:2328	95805:64	45518	8209
7f000001:2328	95805:65	14625	9770
7f000001:2328	95805:66	18849	19170
7f000001:2328	95805:67	11421	6694
7f000001:2328	95805:68	226056	4372
7f000001:2328	95805:69	54211	14438
7f000001:2328	95805:70	76754	2720
7f000001:2328	95805:71	22169	5029
7f000001:2328	95805:72	17749	3683
7f000001:2328	95805:73	156669	25873
7f000001:2328	95805:74	44495	14580
7f000001:2328	95805:75	33596	9113
7f000001:2328	95805:76	17357	9879
7f000001:2328	95805:77	26253	11217
7f000001:2328	95805:78	19423	8697
7f000001:2328	95805:79	5749	26117
7f000001:2328	95805:80	26326	203
7f000001:2328	95805:81	21631	15379
7f000001:2328	95805:82	10644	40848
7f000001:2328	95805:83	122029	66981
7f000001:2328	95805:84	79102	5309
7f000001:2328	95805:85	35659	4393
7f000001:2328	95805:86	102510	33462
7f000001:2328	95805:87	208896	8439
7f000001:2328	95805:88	49498	22453
7f000001:2328	95805:89	111482	2622
7f000001:2328	95805:90	56973	113721
7f000001:2328	95805:91	185807	2792
7f000001:2328	95805:92	23033	825
7f000001:2328	95805:93	39140	3840
7f000001:2328	95805:94	35187	3394
7f000001:2328	95805:95	78756	5757
7f000001:2328	95805:96	12201	8237
7f000001:2328	95805:97	68408	10698
7f000001:2328	95805:98	157833	17114
7f000001:2328	95805:99	30062	20283
7f000001:2328	95805:100	138388	13572
7f000001:2328	95805:101	30819	1785
7f000001:2328	95805:102	69984	3280
7f000001:2328	95805:103	42417	18641
7f000001:2328	95805:104	21096	9859
7f000001:2328	95805:105	12557	33830
7f000001:2328	95805:106	32852	20962
7f000001:2328	95805:107	35573	1173
7f000001:2328	95805:108	49746	22447
7f000001:2328	95805:109	8247	32377
7f000001:2328	95805:110	11995	1014
7f000001:2328	95805:111	30768	26799
7f000001:2328	95805:112	165848	15340
7f000001:2328	95805:113	2172	20772
7f000001:2328	95805:114	24006	13807
7f000001:2328	95805:115	22869	9586
7f000001:2328	95805:116	93484	37440
7f000001:2328	95805:117	123015	16114
7f000001:2328	95805:118	2688	26408
7f000001:2328	95805:119	15106	19126
7f000001:2328	95805:120	1172	12640
7f000001:2328	95805:121	50576	42288
7f000001:2328	95805:122	20521	43048
7f000001:2328	95805:123	164706	12007
7f000001:2328	95805:124	32745	43557
7f000001:2328	95805:125	1265	752
7f000001:2328	95805:126	32771	15884
7f000001:2328	95805:127	25998	15722
7f000001:2328	95805:128	54645	17522
7f000001:2328	95805:129	48510	2776
7f000001:2328	95805:130	74508	32770
7f000001:2328	95805:131	177108	11347
7f000001:2328	95805:132	4616	11668
7f000001:2328	95805:133	200293	69453
7f000001:2328	95805:134	25922	8026
7f000001:2328	95805:135	233919	31880
7f000001:2328	95805:136	23408	7335
7f000001:2328	95805:137	3687	53034
7f000001:2328	95805:138	49492	51107
7f000001:2328	95805:139	67994	38015
7f000001:2328	95805:140	7928	12897
7f000001:2328	95805:141	2913	7016
7f000001:2328	95805:142	14402	11189
7f000001:2328	95805:143	65672	25605
7f000001:2328	95805:144	13881	11206
7f000001:2328	95805:145	78246	19601
7f000001:2328	95805:146	33997	32297
7f000001:2328	95805:147	83344	6260
7f000001:2328	95805:148	12119	21466
7f000001:2328	95805:149	13218	9571
7f000001:2328	95805:150	13866	19536
7f000001:2328	95805:151	6384	18529
7f000001:2328	95805:152	23142	2672
7f000001:2328	95805:153	38213	9842
7f000001:2328	95805:154	24965	53868
7f000001:2328	95805:155	1418	2044
7f000001:2328	95805:156	15345	23783
7f000001:2328	95805:157	93536	14912
7f000001:2328	95805:158	396	31297
7f000001:2328	95805:159	24197	2773
7f000001:2328	95805:160	8548	9791
7f000001:2328	95805:161	1929	6357
7f000001:2328	95805:162	57593	4438
7f000001:2328	95805:163	2619	24146
7f000001:2328	95805:164	71253	2009
7f000001:2328	95805:165	102550	15948
7f000001:2328	95805:166	35335	29252
7f000001:2328	95805:167	219670	6819
7f000001:2328	95805:168	65523	6767
7f000001:2328	95805:169	37662	21856
7f000001:2328	95805:170	12099	10281
7f000001:2328	95805:171	44013	18403
7f000001:2328	95805:172	15889	22764
7f000001:2328	95805:173	21484	13343
7f000001:2328	95805:174	35212	8256
7f000001:2328	95805:175	63666	30005
7f000001:2328	95805:176	104771	11484
7f000001:2328	95805:177	28379	7611
7f000001:2328	95805:178	7782	11608
7f000001:2328	95805:179	69681	63365
7f000001:2328	95805:180	88020	19773
7f000001:2328	95805:181	36367	102
7f000001:2328	95805:182	138819	15952
7f000001:2328	95805:183	11017	27223
7f000001:2328	95805:184	22532	11846
7f000001:2328	95805:185	8066	3052
7f000001:2328	95805:186	19155	52487
7f000001:2328	95805:187	69606	23546
7f000001:2328	95805:188	65227	8274
7f000001:2328	95805:189	30965	16964
7f000001:2328	95805:190	51695	4931
7f000001:2328	95805:191	67256	21708
7f000001:2328	95805:192	10506	3936
7f000001:2328	95805:193	85469	8816
7f000001:2328	95805:194	94657	55823
7f000001:2328	95805:195	108430	8942
7f000001:2328	95805:196	20014	6194
7f000001:2328	95805:197	41169	29930
7f000001:2328	95805:198	82432	37803
7f000001:2328	95805:199	23000	1337
7f000001:2328	95805:200	11302	7955
7f000001:2328	95805:201	57009	31349
7f000001:2328	95805:202	48878	29580
7f000001:2328	95805:203	15677	19362
7f000001:2328	95805:204	84714	549
7f000001:2328	95805:205	24928	8909
7f000001:2328	95805:206	106147	17684
7f000001:2328	95805:207	15651	7763
7f000001:2328	95805:208	170056	26298
7f000001:2328	95805:209	25381	12884
7f000001:2328	95805:210	6694	1403
7f000001:2328	95805:211	11207	36591
7f000001:2328	95805:212	69829	7510
7f000001:2328	95805:213	481	295
7f000001:2328	95805:214	12216	6201
7f000001:2328	95805:215	46940	48014
7f000001:2328	95805:216	26718	11923
7f000001:2328	95805:217	75822	1443
7f000001:2328	95805:218	161056	5303
7f000001:2328	95805:219	97286	16665
7f000001:2328	95805:220	11111	738
7f000001:2328	95805:221	37959	14813
7f000001:2328	95805:222	34128	3139
7f000001:2328	95805:223	106405	47628
7f000001:2328	95805:224	70403	31527
7f000001:2328	95805:225	36665	6826
7f000001:2328	95805:226	12436	1434
7f000001:2328	95805:227	234694	4469
7f000001:2328	95805:228	125417	42172
7f000001:2328	95805:229	41523	34531
7f000001:2328	95805:230	8009	24923
7f000001:2328	95805:231	15915	58348
7f000001:2328	95805:232	10165	76109
7f000001:2328	95805:233	3738	60378
7f000001:2328	95805:234	113160	32351
7f000001:2328	95805:235	74444	72196
7f000001:2328	95805:236	14740	9916
7f000001:2328	95805:237	9503	3019
7f000001:2328	95805:238	31300	41022
7f000001:2328	95805:239	71989	2572
7f000001:2328	95805:240	10707	42495
7f000001:2328	95805:241	14030	9394
7f000001:2328	95805:242	70997	7606
7f000001:2328	95805:243	13021	14125
7f000001:2328	95805:244	5581	7213
7f000001:2328	95805:245	313928	12643
7f000001:2328	95805:246	12419	19883
7f000001:2328	95805:247	76704	14991
7f000001:2328	95805:248	57603	7422
7f000001:2328	95805:249	49616	10556
7f000001:2328	95805:250	113961	18404
7f000001:2328	95805:251	29138	33752
7f000001:2328	95805:252	27798	69447
7f000001:2328	95805:253	14542	24745
7f000001:2328	95805:254	41	32565
7f000001:2328	95805:255	14230	39990
7f000001:2328	95805:256	20441	1752
7f000001:2328	95805:257	24636	28021
7f000001:2328	95805:258	132195	7672
7f000001:2328	95805:259	97051	5891
7f000001:2328	95805:260	39766	32730
7f000001:2328	95805:261	27379	27326
7f000001:2328	95805:262	45465	849
7f000001:2328	95805:263	51801	34335
7f000001:2328	95805:264	65291	4905
7f000001:2328	95805:265	48952	4411
7f000001:2328	95805:266	51898	12639
7f000001:2328	95805:267	37090	24634
7f000001:2328	95805:268	154041	4504
7f000001:2328	95805:269	5613	25710
7f000001:2328	95805:270	68070	10817
7f000001:2328	95805:271	21247	13063
7f000001:2328	95805:272	81329	27217
7f000001:2328	95805:273	173615	5087
7f000001:2328	95805:274	48265	37457
7f000001:2328	95805:275	7373	9926
7f000001:2328	95805:276	20815	6574
7f000001:2328	95805:277	28573	4651
7f000001:2328	95805:278	53822	2399
7f000001:2328	95805:279	102424	2073
7f000001:2328	95805:280	33628	24504
7f000001:2328	95805:281	91615	3731
7f000001:2328	95805:282	26271	1847
7f000001:2328	95805:283	57724	3307
7f000001:2328	95805:284	4740	6376
7f000001:2328	95805:285	13558	43379
7f000001:2328	95805:286	3835	1635
7f000001:2328	95805:287	25727	7422
7f000001:2328	95805:288	75800	10377
7f000001:2328	95805:289	50586	2914
7f000001:2328	95805:290	9740	49761
7f000001:2328	95805:291	97605	37499
7f000001:2328	95805:292	31365	19865
7f000001:2328	95805:293	27750	26475
7f000001:2328	95805:294	10444	12031
7f000001:2328	95805:295	56933	18060
7f000001:2328	95805:296	16679	10405
7f000001:2328	95805:297	57780	862
7f000001:2328	95805:298	35729	36187
7f000001:2328	95805:299	58164	15273
7f000001:2328	95805:300	117332	26915
7f000001:2328	95805:301	28922	4885
7f000001:2328	95805:302	44912	33292
7f000001:2328	95805:303	1229	6066
7f000001:2328	95805:304	44780	26764
7f000001:2328	95805:305	24471	22256
7f000001:2328	95805:306	74471	104792
7f000001:2328	95805:307	108574	44398
7f000001:2328	95805:308	27849	29351
7f000001:2328	95805:309	18992	25383
7f000001:2328	95805:310	9308	900
7f000001:2328	95805:311	55403	11532
7f000001:2328	95805:312	322298	7974
7f000001:2328	95805:313	50160	37507
7f000001:2328	95805:314	41211	36942
7f000001:2328	95805:315	68773	15279
7f000001:2328	95805:316	4494	60077
7f000001:2328	95805:317	31521	18842
7f000001:2328	95805:318	64057	11439
7f000001:2328	95805:319	4573	5289
7f000001:2328	95805:320	114701	39319
7f000001:2328	95805:321	53813	3026
7f000001:2328	95805:322	626	5676
7f000001:2328	95805:323	68217	1192
7f000001:2328	95805:324	58089	24113
7f000001:2328	95805:325	34260	14989
7f000001:2328	95805:326	64574	11304
7f000001:2328	95805:327	48486	1123
7f000001:2328	95805:328	77671	56608
7f000001:2328	95805:329	43651	89831
7f000001:2328	95805:330	61917	8010
7f000001:2328	95805:331	162654	8169
7f000001:2328	95805:332	158007	1308
7f000001:2328	95805:333	10021	14956
7f000001:2328	95805:334	76668	48123
7f000001:2328	95805:335	58067	7408
7f000001:2328	95805:336	167353	18969
7f000001:2328	95805:337	1375	2246
7f000001:2328	95805:338	1384	372
7f000001:2328	95805:339	184852	5690
7f000001:2328	95805:340	73918	40978
7f000001:2328	95805:341	2423	1640
7f000001:2328	95805:342	14432	48779
7f000001:2328	95805:343	46814	6260
7f000001:2328	95805:344	25635	33441
7f000001:2328	95805:345	47636	30247
7f000001:2328	95805:346	288079	2627
7f000001:2328	95805:347	32365	7711
7f000001:2328	95805:348	20733	324
7f000001:2328	95805:349	4834	961
7f000001:2328	95805:350	52631	1121
7f000001:2328	95805:351	79301	129
7f000001:2328	95805:352	66081	15321
7f000001:2328	95805:353	21624	2008
7f000001:2328	95805:354	63164	7996
7f000001:2328	95805:355	9190	52254
7f000001:2328	95805:356	31459	12792
7f000001:2328	95805:357	17547	13926
7f000001:2328	95805:358	4423	3891
7f000001:2328	95805:359	4227	21970
7f000001:2328	95805:360	16464	11077
7f000001:2328	95805:361	40174	11618
7f000001:2328	95805:362	18218	6399
7f000001:2328	95805:363	6198	11872
7f000001:2328	95805:364	8177	36514
7f000001:2328	95805:365	28665	19308
7f000001:2328	95805:366	28334	28908
7f000001:2328	95805:367	38991	6585
7f000001:2328	95805:368	26100	43592
7f000001:2328	95805:369	22845	1974
7f000001:2328	95805:370	108620	21030
7f000001:2328	95805:371	48726	13445
7f000001:2328	95805:372	8205	22253
7f000001:2328	95805:373	1767	30272
7f000001:2328	95805:374	41018	9038
7f000001:2328	95805:375	11298	7401
7f000001:2328	95805:376	41600	1412
7f000001:2328	95805:377	62763	42
7f000001:2328	95805:378	16874	3579
7f000001:2328	95805:379	33860	14015
7f000001:2328	95805:380	20220	14890
7f000001:2328	95805:381	9882	4322
7f000001:2328	95805:382	38086	12781
7f000001:2328	95805:383	32379	34305
7f000001:2328	95805:384	12256	44484
7f000001:2328	95805:385	20432	1530
7f000001:2328	95805:386	24064	14033
7f000001:2328	95805:387	82495	51178
7f000001:2328	95805:388	18814	21418
7f000001:2328	95805:389	28157	32830
7f000001:2328	95805:390	83714	24236
7f000001:2328	95805:391	27613	6254
7f000001:2328	95805:392	53978	84739
7f000001:2328	95805:393	6142	33598
7f000001:2328	95805:394	18874	8750
7f000001:2328	95805:395	149541	14930
7f000001:2328	95805:396	11501	24185
7f000001:2328	95805:397	48203	38096
7f000001:2328	95805:398	20923	3809
7f000001:2328	95805:399	2174	7682
7f000001:2328	95805:400	66827	54065
7f000001:2328	95805:401	10419	20562
7f000001:2328	95805:402	36568	20894
7f000001:2328	95805:403	21172	2098
7f000001:2328	95805:404	4068	12871
7f000001:2328	95805:405	51305	8746
7f000001:2328	95805:406	31189	99042
7f000001:2328	95805:407	11129	64904
7f000001:2328	95805:408	11867	4328
7f000001:2328	95805:409	129378	1248
7f000001:2328	95805:410	87082	50643
7f000001:2328	95805:411	4932	29729
7f000001:2328	95805:412	72032	14082
7f000001:2328	95805:413	2564	8222
7f000001:2328	95805:414	49670	3202
7f000001:2328	95805:415	107731	7512
7f000001:2328	95805:416	56757	21226
7f000001:2328	95805:417	111907	11304
7f000001:2328	95805:418	69108	38531
7f000001:2328	95805:419	3629	42119
7f000001:2328	95805:420	5998	5136
7f000001:2328	95805:421	943	1256
7f000001:2328	95805:422	71500	114967
7f000001:2328	95805:423	27287	86846
7f000001:2328	95805:424	26229	18850
7f000001:2328	95805:425	9016	4989
7f000001:2328	95805:426	4548	8915
7f000001:2328	95805:427	637	1830
7f000001:2328	95805:428	142784	7791
7f000001:2328	95805:429	133582	84821
7f000001:2328	95805:430	5931	3955
7f000001:2328	95805:431	46457	3021
7f000001:2328	95805:432	48481	9352
7f000001:2328	95805:433	92895	3096
7f000001:2328	95805:434	666	12056
7f000001:2328	95805:435	296	7694
7f000001:2328	95805:436	28832	5618
7f000001:2328	95805:437	13919	3933
7f000001:2328	95805:438	33790	18242
7f000001:2328	95805:439	9974	12491
7f000001:2328	95805:440	2950	4602
7f000001:2328	95805:441	1929	5728
7f000001:2328	95805:442	8023	32883
7f000001:2328	95805:443	19194	49319
7f000001:2328	95805:444	55385	10899
7f000001:2328	95805:445	19434	25350
7f000001:2328	95805:446	25836	3266
7f000001:2328	95805:447	91764	3316
7f000001:2328	95805:448	4480	16395
7f000001:2328	95805:449	94619	449
7f000001:2328	95805:450	22237	834
7f000001:2328	95805:451	7004	1791
7f000001:2328	95805:452	13990	159
7f000001:2328	95805:453	107422	4901
7f000001:2328	95805:454	2774	6976
7f000001:2328	95805:455	13374	22468
7f000001:2328	95805:456	2150	23704
7f000001:2328	95805:457	31474	1965
7f000001:2328	95805:458	12550	266
7f000001:2328	95805:459	12706	21227
7f000001:2328	95805:460	2317	5434
7f000001:2328	95805:461	87519	15822
7f000001:2328	95805:462	68508	70722
7f000001:2328	95805:463	33110	9722
7f000001:2328	95805:464	40868	2636
7f000001:2328	95805:465	30213	12535
7f000001:2328	95805:466	47439	4576
7f000001:2328	95805:467	22773	26911
7f000001:2328	95805:468	37782	22857
7f000001:2328	95805:469	5368	2145
7f000001:2328	95805:470	34945	30252
7f000001:2328	95805:471	128854	27503
7f000001:2328	95805:472	15125	7358
7f000001:2328	95805:473	47109	324
7f000001:2328	95805:474	13239	28179
7f000001:2328	95805:475	34627	11901
7f000001:2328	95805:476	23012	21991
7f000001:2328	95805:477	2198	2561
7f000001:2328	95805:478	57553	587
7f000001:2328	95805:479	28023	6996
7f000001:2328	95805:480	34955	9962
7f000001:2328	95805:481	143183	37
7f000001:2328	95805:482	26719	21630
7f000001:2328	95805:483	14075	31643
7f000001:2328	95805:484	60509	3884
7f000001:2328	95805:485	51693	69503
7f000001:2328	95805:486	61793	5263
7f000001:2328	95805:487	80287	3426
7f000001:2328	95805:488	2936	25124
7f000001:2328	95805:489	56788	142
7f000001:2328	95805:490	57006	12502
7f000001:2328	95805:491	112303	17542
7f000001:2328	95805:492	35250	17328
7f000001:2328	95805:493	40442	19353
7f000001:2328	95805:494	181790	51537
7f000001:2328	95805:495	31962	2734
7f000001:2328	95805:496	27798	81478
7f000001:2328	95805:497	5247	14273
7f000001:2328	95805:498	22354	1139
7f000001:2328	95805:499	92102	4856
7f000001:2328	95805:500	38828	1288
7f000001:2328	95805:501	17365	9332
7f000001:2328	95805:502	13884	5474
7f000001:2328	95805:503	92971	2372
7f000001:2328	95805:504	17906	3876
7f000001:2328	95805:505	12712	4694
7f000001:2328	95805:506	29468	18024
7f000001:2328	95805:507	1451	38686
7f000001:2328	95805:508	84	10041
7f000001:2328	95805:509	26181	1907
7f000001:2328	95805:510	6535	8779
7f000001:2328	95805:511	71041	48943
7f000001:2328	95805:512	42802	30270
7f000001:2328	95805:513	11790	14609
7f000001:2328	95805:514	15576	26842
7f000001:2328	95805:515	44603	10540
7f000001:2328	95805:516	96771	23057
7f000001:2328	95805:517	57225	61882
7f000001:2328	95805:518	24400	386
7f000001:2328	95805:519	31078	48671
7f000001:2328	95805:520	48433	5730
7f000001:2328	95805:521	126888	15213
7f000001:2328	95805:522	13214	11689
7f000001:2328	95805:523	75487	6038
7f000001:2328	95805:524	1885	649
7f000001:2328	95805:525	20600	9570
7f000001:2328	95805:526	27	2813
7f000001:2328	95805:527	17430	39892
7f000001:2328	95805:528	6194	7781
7f000001:2328	95805:529	138797	1728
7f000001:2328	95805:530	70925	10887
7f000001:2328	95805:531	50300	1621
7f000001:2328	95805:532	39624	4777
7f000001:2328	95805:533	5887	72006
7f000001:2328	95805:534	131811	1974
7f000001:2328	95805:535	53736	5533
7f000001:2328	95805:536	29234	47302
7f000001:2328	95805:537	11537	4083
7f000001:2328	95805:538	44442	4947
7f000001:2328	95805:539	29991	20724
7f000001:2328	95805:540	147222	11369
7f000001:2328	95805:541	112743	3502
7f000001:2328	95805:542	68452	4628
7f000001:2328	95805:543	218272	10240
7f000001:2328	95805:544	69164	18349
7f000001:2328	95805:545	15585	2165
7f000001:2328	95805:546	25148	4382
7f000001:2328	95805:547	6	5316
7f000001:2328	95805:548	20264	8851
7f000001:2328	95805:549	22635	9717
7f000001:2328	95805:550	2034	6110
7f000001:2328	95805:551	54065	38376
7f000001:2328	95805:552	6153	2978
7f000001:2328	95805:553	26241	1531
7f000001:2328	95805:554	146776	14152
7f000001:2328	95805:555	7151	48878
7f000001:2328	95805:556	96376	12868
7f000001:2328	95805:557	175074	5097
7f000001:2328	95805:558	24652	640
7f000001:2328	95805:559	30239	4067
7f000001:2328	95805:560	14121	7041
7f000001:2328	95805:561	84648	83290
7f000001:2328	95805:562	99574	85893
7f000001:2328	95805:563	67580	125969
7f000001:2328	95805:564	4752	45200
7f000001:2328	95805:565	10278	67647
7f000001:2328	95805:566	6940	7474
7f000001:2328	95805:567	78626	5172
7f000001:2328	95805:568	19491	29095
7f000001:2328	95805:569	26781	33239
7f000001:2328	95805:570	44394	13640
7f000001:2328	95805:571	37475	1266
7f000001:2328	95805:572	1629	49125
7f000001:2328	95805:573	68713	10332
7f000001:2328	95805:574	228964	14886
7f000001:2328	95805:575	53838	51843
7f000001:2328	95805:576	101044	11725
7f000001:2328	95805:577	27568	16736
7f000001:2328	95805:578	11915	30886
7f000001:2328	95805:579	24511	392
7f000001:2328	95805:580	46891	12193
7f000001:2328	95805:581	63365	7929
7f000001:2328	95805:582	263346	6730
7f000001:2328	95805:583	79778	21848
7f000001:2328	95805:584	87111	18475
7f000001:2328	95805:585	17719	6359
7f000001:2328	95805:586	47944	18808
7f000001:2328	95805:587	43628	24512
7f000001:2328	95805:588	111901	4803
7f000001:2328	95805:589	40446	6814
7f000001:2328	95805:590	59174	18242
7f000001:2328	95805:591	316908	6943
7f000001:2328	95805:592	36524	14764
7f000001:2328	95805:593	195365	6414
7f000001:2328	95805:594	30461	38812
7f000001:2328	95805:595	17531	25873
7f000001:2328	95805:596	26868	42063
7f000001:2328	95805:597	26181	971
7f000001:2328	95805:598	204321	21347
7f000001:2328	95805:599	121438	15143
7f000001:2328	95805:600	94303	53052
7f000001:2328	95805:601	52355	16171
7f000001:2328	95805:602	72838	3634
7f000001:2328	95805:603	36559	5928
7f000001:2328	95805:604	27866	2484
7f000001:2328	95805:605	23128	8226
7f000001:2328	95805:606	38614	52515
7f000001:2328	95805:607	27150	4099
7f000001:2328	95805:608	2223	102
7f000001:2328	95805:609	5906	29197
7f000001:2328	95805:610	21284	16695
7f000001:2328	95805:611	3418	33024
7f000001:2328	95805:612	11796	4121
7f000001:2328	95805:613	143579	16738
7f000001:2328	95805:614	83848	2094
7f000001:2328	95805:615	20975	18209
7f000001:2328	95805:616	137251	4669
7f000001:2328	95805:617	31056	1330
7f000001:2328	95805:618	107292	1930
7f000001:2328	95805:619	30416	25853
7f000001:2328	95805:620	190069	15255
7f000001:2328	95805:621	88953	1430
7f000001:2328	95805:622	99201	30654
7f000001:2328	95805:623	46267	31138
7f000001:2328	95805:624	18644	5414
7f000001:2328	95805:625	27841	5198
7f000001:2328	95805:626	13327	16734
7f000001:2328	95805:627	21543	8495
7f000001:2328	95805:628	74126	27931
7f000001:2328	95805:629	8584	14293
7f000001:2328	95805:630	15833	37448
7f000001:2328	95805:631	172098	3130
7f000001:2328	95805:632	15183	21859
7f000001:2328	95805:633	7113	40094
7f000001:2328	95805:634	4571	19498
7f000001:2328	95805:635	112533	26865
7f000001:2328	95805:636	41708	29326
7f000001:2328	95805:637	26009	28028
7f000001:2328	95805:638	14799	57519
7f000001:2328	95805:639	63406	4206
7f000001:2328	95805:640	4013	7500
7f000001:2328	95805:641	72443	1911
7f000001:2328	95805:642	8359	15726
7f000001:2328	95805:643	7888	3542
7f000001:2328	95805:644	180720	8198
7f000001:2328	95805:645	13491	17513
7f000001:2328	95805:646	38938	232
7f000001:2328	95805:647	22894	15975
7f000001:2328	95805:648	85180	22338
7f000001:2328	95805:649	13987	9530
7f000001:2328	95805:650	1669	31800
7f000001:2328	95805:651	72192	5762
7f000001:2328	95805:652	39961	8852
7f000001:2328	95805:653	10469	3305
7f000001:2328	95805:654	16758	10238
7f000001:2328	95805:655	649804	65335
7f000001:2328	95805:656	8002	23479
7f000001:2328	95805:657	30491	8863
7f000001:2328	95805:658	13123	32052
7f000001:2328	95805:659	42326	12618
7f000001:2328	95805:660	9692	17249
7f000001:2328	95805:661	25828	15393
7f000001:2328	95805:662	41583	15310
7f000001:2328	95805:663	17880	3491
7f000001:2328	95805:664	34104	137170
7f000001:2328	95805:665	21126	167
7f000001:2328	95805:666	2215	14096
7f000001:2328	95805:667	122321	12883
7f000001:2328	95805:668	81226	58768
7f000001:2328	95805:669	5648	5783
7f000001:2328	95805:670	80328	49757
7f000001:2328	95805:671	42332	7980
7f000001:2328	95805:672	69895	33115
7f000001:2328	95805:673	92527	30732
7f000001:2328	95805:674	73075	21923
7f000001:2328	95805:675	3628	11121
7f000001:2328	95805:676	755	4426
7f000001:2328	95805:677	52544	32339
7f000001:2328	95805:678	103724	22518
7f000001:2328	95805:679	61356	8833
7f000001:2328	95805:680	81388	20291
7f000001:2328	95805:681	33749	16554
7f000001:2328	95805:682	53047	21636
7f000001:2328	95805:683	75011	23250
7f000001:2328	95805:684	48191	8253
7f000001:2328	95805:685	133390	15106
7f000001:2328	95805:686	166850	19646
7f000001:2328	95805:687	55662	1659
7f000001:2328	95805:688	21201	8430
7f000001:2328	95805:689	149127	13568
7f000001:2328	95805:690	59291	16195
7f000001:2328	95805:691	30758	1183
7f000001:2328	95805:692	106609	1466
7f000001:2328	95805:693	12419	15778
7f000001:2328	95805:694	234598	46561
7f000001:2328	95805:695	41442	41447
7f000001:2328	95805:696	12416	23589
7f000001:2328	95805:697	93466	46046
7f000001:2328	95805:698	99927	2424
7f000001:2328	95805:699	78689	20500
7f000001:2328	95805:700	104444	41517
7f000001:2328	95805:701	45819	38443
7f000001:2328	95805:702	20062	1988
7f000001:2328	95805:703	23727	8385
7f000001:2328	95805:704	8727	43474
7f000001:2328	95805:705	10996	5888
7f000001:2328	95805:706	18306	24168
7f000001:2328	95805:707	10377	1586
7f000001:2328	95805:708	114022	22744
7f000001:2328	95805:709	163651	3495
7f000001:2328	95805:710	25947	13170
7f000001:2328	95805:711	19151	1397
7f000001:2328	95805:712	19799	26504
7f000001:2328	95805:713	43734	18967
7f000001:2328	95805:714	32181	54072
7f000001:2328	95805:715	40865	23754
7f000001:2328	95805:716	11567	9753
7f000001:2328	95805:717	41416	1210
7f000001:2328	95805:718	71136	16618
7f000001:2328	95805:719	8394	22486
7f000001:2328	95805:720	147231	17421
7f000001:2328	95805:721	9321	16767
7f000001:2328	95805:722	32816	7443
7f000001:2328	95805:723	107	6067
7f000001:2328	95805:724	12372	5143
7f000001:2328	95805:725	21955	93884
7f000001:2328	95805:726	14264	12176
7f000001:2328	95805:727	11507	8236
7f000001:2328	95805:728	33536	1111
7f000001:2328	95805:729	84000	20441
7f000001:2328	95805:730	157462	5574
7f000001:2328	95805:731	39315	76255
7f000001:2328	95805:732	76375	19120
7f000001:2328	95805:733	11199	21480
7f000001:2328	95805:734	4812	10184
7f000001:2328	95805:735	27962	14470
7f000001:2328	95805:736	86936	6059
7f000001:2328	95805:737	72274	28221
7f000001:2328	95805:738	2391	2209
7f000001:2328	95805:739	3818	37210
7f000001:2328	95805:740	154933	37872
7f000001:2328	95805:741	6456	53206
7f000001:2328	95805:742	73192	30129
7f000001:2328	95805:743	3534	2208
7f000001:2328	95805:744	68749	12992
7f000001:2328	95805:745	67916	2519
7f000001:2328	95805:746	25008	34516
7f000001:2328	95805:747	106990	3979
7f000001:2328	95805:748	18543	526
7f000001:2328	95805:749	65945	9823
7f000001:2328	95805:750	110765	199
7f000001:2328	95805:751	203657	42691
7f000001:2328	95805:752	91771	15113
7f000001:2328	95805:753	142764	55542
7f000001:2328	95805:754	17623	17477
7f000001:2328	95805:755	3861	6709
7f000001:2328	95805:756	94592	19730
7f000001:2328	95805:757	4748	19047
7f000001:2328	95805:758	30024	21681
7f000001:2328	95805:759	56089	1449
7f000001:2328	95805:760	95944	5397
7f000001:2328	95805:761	23246	2823
7f000001:2328	95805:762	55327	58775
7f000001:2328	95805:763	24759	44248
7f000001:2328	95805:764	71183	8930
7f000001:2328	95805:765	200340	5924
7f000001:2328	95805:766	15147	23529
7f000001:2328	95805:767	23536	4624
7f000001:2328	95805:768	101600	1399
7f000001:2328	95805:769	2917	29330
7f000001:2328	95805:770	8697	10882
7f000001:2328	95805:771	88302	43057
7f000001:2328	95805:772	92246	47565
7f000001:2328	95805:773	87406	52672
7f000001:2328	95805:774	182224	27861
7f000001:2328	95805:775	43270	7477
7f000001:2328	95805:776	53509	4095
7f000001:2328	95805:777	80	59886
7f000001:2328	95805:778	32661	7238
7f000001:2328	95805:779	50940	6053
7f000001:2328	95805:780	7600	2128
7f000001:2328	95805:781	63206	5200
7f000001:2328	95805:782	27576	68098
7f000001:2328	95805:783	94874	43803
7f000001:2328	95805:784	17977	66551
7f000001:2328	95805:785	163964	2988
7f000001:2328	95805:786	38270	8870
7f000001:2328	95805:787	74442	29250
7f000001:2328	95805:788	64733	2379
7f000001:2328	95805:789	45813	1490
7f000001:2328	95805:790	52948	1626
7f000001:2328	95805:791	41101	20065
7f000001:2328	95805:792	24369	27945
7f000001:2328	95805:793	10001	2324
7f000001:2328	95805:794	438	29901
7f000001:2328	95805:795	20513	93070
7f000001:2328	95805:796	100999	11392
7f000001:2328	95805:797	56226	68659
7f000001:2328	95805:798	17440	4252
7f000001:2328	95805:799	13981	42198
7f000001:2328	95805:800	13645	5909
7f000001:2328	95805:801	38145	29474
7f000001:2328	95805:802	3860	47021
7f000001:2328	95805:803	86494	636
7f000001:2328	95805:804	53447	1076
7f000001:2328	95805:805	106630	47081
7f000001:2328	95805:806	56090	2005
7f000001:2328	95805:807	132603	426
7f000001:2328	95805:808	33525	371
7f000001:2328	95805:809	122767	10437
7f000001:2328	95805:810	93948	28166
7f000001:2328	95805:811	64986	8429
7f000001:2328	95805:812	19137	40102
7f000001:2328	95805:813	1811	1743
7f000001:2328	95805:814	14885	13693
7f000001:2328	95805:815	196639	29345
7f000001:2328	95805:816	5050	18756
7f000001:2328	95805:817	26572	21661
7f000001:2328	95805:818	121999	1672
7f000001:2328	95805:819	57543	45414
7f000001:2328	95805:820	120151	50041
7f000001:2328	95805:821	14892	4924
7f000001:2328	95805:822	101676	11369
7f000001:2328	95805:823	33306	6689
7f000001:2328	95805:824	60474	19191
7f000001:2328	95805:825	110657	1400
7f000001:2328	95805:826	23397	2151
7f000001:2328	95805:827	12426	10866
7f000001:2328	95805:828	8971	13177
7f000001:2328	95805:829	37251	8902
7f000001:2328	95805:830	72346	12622
7f000001:2328	95805:831	104381	6296
7f000001:2328	95805:832	19531	28458
7f000001:2328	95805:833	16492	6586
7f000001:2328	95805:834	126822	31028
7f000001:2328	95805:835	106356	59526
7f000001:2328	95805:836	8767	1029
7f000001:2328	95805:837	26116	5032
7f000001:2328	95805:838	14112	1235
7f000001:2328	95805:839	66917	49566
7f000001:2328	95805:840	8243	25224
7f000001:2328	95805:841	43163	1717
7f000001:2328	95805:842	26230	35593
7f000001:2328	95805:843	67322	12707
7f000001:2328	95805:844	59779	11751
7f000001:2328	95805:845	55195	5782
7f000001:2328	95805:846	52658	4938
7f000001:2328	95805:847	9965	327
7f000001:2328	95805:848	16071	99458
7f000001:2328	95805:849	51773	12663
7f000001:2328	95805:850	6200	6101
7f000001:2328	95805:851	9873	26493
7f000001:2328	95805:852	5450	49720
7f000001:2328	95805:853	180827	7361
7f000001:2328	95805:854	36838	5190
7f000001:2328	95805:855	34284	15156
7f000001:2328	95805:856	133975	1934
7f000001:2328	95805:857	10765	20555
7f000001:2328	95805:858	28313	30145
7f000001:2328	95805:859	2881	7503
7f000001:2328	95805:860	97221	12282
7f000001:2328	95805:861	17807	42833
7f000001:2328	95805:862	120977	34514
7f000001:2328	95805:863	57243	40334
7f000001:2328	95805:864	7859	34643
7f000001:2328	95805:865	119450	12478
7f000001:2328	95805:866	7388	24568
7f000001:2328	95805:867	47867	24265
7f000001:2328	95805:868	57318	43909
7f000001:2328	95805:869	17879	38563
7f000001:2328	95805:870	3916	9136
7f000001:2328	95805:871	36244	78725
7f000001:2328	95805:872	118264	12345
7f000001:2328	95805:873	129559	19861
7f000001:2328	95805:874	195856	17086
7f000001:2328	95805:875	26970	43314
7f000001:2328	95805:876	78771	6949
7f000001:2328	95805:877	18430	19179
7f000001:2328	95805:878	7915	33353
7f000001:2328	95805:879	63705	9402
7f000001:2328	95805:880	196783	25241
7f000001:2328	95805:881	30377	12162
7f000001:2328	95805:882	180910	1269
7f000001:2328	95805:883	73226	11690
7f000001:2328	95805:884	4324	16308
7f000001:2328	95805:885	50477	35450
7f000001:2328	95805:886	22457	9429
7f000001:2328	95805:887	15910	21548
7f000001:2328	95805:888	43471	20553
7f000001:2328	95805:889	55005	1362
7f000001:2328	95805:890	626	3778
7f000001:2328	95805:891	7459	9602
7f000001:2328	95805:892	52981	50879
7f000001:2328	95805:893	67904	570
7f000001:2328	95805:894	124212	13442
7f000001:2328	95805:895	82	20361
7f000001:2328	95805:896	97350	19186
7f000001:2328	95805:897	36676	820
7f000001:2328	95805:898	17911	10334
7f000001:2328	95805:899	13953	27492
7f000001:2328	95805:900	104500	4908
7f000001:2328	95805:901	51941	13321
7f000001:2328	95805:902	129060	316
7f000001:2328	95805:903	84902	21213
7f000001:2328	95805:904	1876	56
7f000001:2328	95805:905	27756	41428
7f000001:2328	95805:906	12351	29270
7f000001:2328	95805:907	30350	14994
7f000001:2328	95805:908	45945	25761
7f000001:2328	95805:909	54013	47020
7f000001:2328	95805:910	72967	6249
7f000001:2328	95805:911	61272	1511
7f000001:2328	95805:912	15438	40845
7f000001:2328	95805:913	42700	5635
7f000001:2328	95805:914	2113	21139
7f000001:2328	95805:915	25618	9112
7f000001:2328	95805:916	43382	1844
7f000001:2328	95805:917	43885	25854
7f000001:2328	95805:918	9802	3584
7f000001:2328	95805:919	91213	11231
7f000001:2328	95805:920	73331	17214
7f000001:2328	95805:921	2034	1748
7f000001:2328	95805:922	53623	5613
7f000001:2328	95805:923	93920	7916
7f000001:2328	95805:924	46923	22916
7f000001:2328	95805:925	3889	26219
7f000001:2328	95805:926	38768	36842
7f000001:2328	95805:927	22726	32756
7f000001:2328	95805:928	68786	18387
7f000001:2328	95805:929	147833	3969
7f000001:2328	95805:930	87615	2004
7f000001:2328	95805:931	48083	13805
7f000001:2328	95805:932	34949	14038
7f000001:2328	95805:933	131954	15238
7f000001:2328	95805:934	109154	62338
7f000001:2328	95805:935	42665	4623
7f000001:2328	95805:936	3564	16643
7f000001:2328	95805:937	14905	17848
7f000001:2328	95805:938	72766	16654
7f000001:2328	95805:939	19044	14155
7f000001:2328	95805:940	20211	11900
7f000001:2328	95805:941	14921	11390
7f000001:2328	95805:942	112044	8343
7f000001:2328	95805:943	1822	12775
7f000001:2328	95805:944	2149	3883
7f000001:2328	95805:945	15693	12602
7f000001:2328	95805:946	50531	12658
7f000001:2328	95805:947	77995	58743
7f000001:2328	95805:948	162597	17892
7f000001:2328	95805:949	102333	2824
7f000001:2328	95805:950	41240	3220
7f000001:2328	95805:951	1040	2016
7f000001:2328	95805:952	145124	14867
7f000001:2328	95805:953	5437	29319
7f000001:2328	95805:954	277947	5621
7f000001:2328	95805:955	2529	2107
7f000001:2328	95805:956	11133	1000
7f000001:2328	95805:957	98034	5613
7f000001:2328	95805:958	154757	4023
7f000001:2328	95805:959	52252	9223
7f000001:2328	95805:960	27908	2229
7f000001:2328	95805:961	6429	3443
7f000001:2328	95805:962	47732	5091
7f000001:2328	95805:963	45801	12318
7f000001:2328	95805:964	66538	8283
7f000001:2328	95805:965	46233	6985
7f000001:2328	95805:966	112634	7203
7f000001:2328	95805:967	9173	4068
7f000001:2328	95805:968	96829	15417
7f000001:2328	95805:969	76228	41571
7f000001:2328	95805:970	17247	7582
7f000001:2328	95805:971	1743	549
7f000001:2328	95805:972	69907	28037
7f000001:2328	95805:973	12178	4841
7f000001:2328	95805:974	31808	39254
7f000001:2328	95805:975	2141	24057
7f000001:2328	95805:976	13885	15527
7f000001:2328	95805:977	62146	16229
7f000001:2328	95805:978	20641	20611
7f000001:2328	95805:979	16887	7107
7f000001:2328	95805:980	67482	12406
7f000001:2328	95805:981	86743	43037
7f000001:2328	95805:982	123626	84457
7f000001:2328	95805:983	54760	15383
7f000001:2328	95805:984	92464	12004
7f000001:2328	95805:985	17801	19547
7f000001:2328	95805:986	62851	13229
7f000001:2328	95805:987	5338	50667
7f000001:2328	95805:988	53230	53708
7f000001:2328	95805:989	122032	686
7f000001:2328	95805:990	30672	7583
7f000001:2328	95805:991	4700	1704
7f000001:2328	95805:992	133748	38211
7f000001:2328	95805:993	55896	35664
7f000001:2328	95805:994	98515	41810
7f000001:2328	95805:995	16142	11917
7f000001:2328	95805:996	148952	14367
7f000001:2328	95805:997	100898	49551
7f000001:2328	95805:998	6441	13139
7f000001:2328	95805:999	86133	12651
7f000001:2328	95805:1000	78490	26906
7f000001:2328	95805:1001	41575	9081
7f000001:2328	95805:1002	63063	25501
7f000001:2328	95805:1003	108672	19596
7f000001:2328	95805:1004	7300	7382
7f000001:2328	95805:1005	40689	13314
7f000001:2328	95805:1006	55795	27673
7f000001:2328	95805:1007	14353	55439
7f000001:2328	95805:1008	127560	6330
7f000001:2328	95805:1009	124761	31742
7f000001:2328	95805:1010	73330	14820
7f000001:2328	95805:1011	35342	35525
7f000001:2328	95805:1012	10540	21965
7f000001:2328	95805:1013	84781	3905
7f000001:2328	95805:1014	33377	18078
7f000001:2328	95805:1015	55331	12127
7f000001:2328	95805:1016	55192	56453
7f000001:2328	95805:1017	110103	17237
7f000001:2328	95805:1018	13506	12929
7f000001:2328	95805:1019	3583	13780
7f000001:2328	95805:1020	58124	9696
7f000001:2328	95805:1021	9678	34076
7f000001:2328	95805:1022	20370	4066
7f000001:2328	95805:1023	30330	35018
7f000001:2328	95805:1024	6275	12180
7f000001:2328	95805:1025	5035	4780
7f000001:2328	95805:1026	37802	29858
7f000001:2328	95805:1027	12682	11735
7f000001:2328	95805:1028	6721	70683
7f000001:2328	95805:1029	38083	1482
7f000001:2328	95805:1030	86068	15459
7f000001:2328	95805:1031	6397	13075
7f000001:2328	95805:1032	4847	1237
7f000001:2328	95805:1033	70623	29672
7f000001:2328	95805:1034	224637	53685
7f000001:2328	95805:1035	40984	10717
7f000001:2328	95805:1036	5075	4372
7f000001:2328	95805:1037	30326	3388
7f000001:2328	95805:1038	12637	24302
7f000001:2328	95805:1039	101935	30396
7f000001:2328	95805:1040	39407	1812
7f000001:2328	95805:1041	30149	23193
7f000001:2328	95805:1042	35447	6565
7f000001:2328	95805:1043	189026	19484
7f000001:2328	95805:1044	69694	1076
7f000001:2328	95805:1045	31455	27173
7f000001:2328	95805:1046	37454	29735
7f000001:2328	95805:1047	93941	10548
7f000001:2328	95805:1048	56406	17876
7f000001:2328	95805:1049	48568	15015
7f000001:2328	95805:1050	111612	35259
7f000001:2328	95805:1051	213108	3557
7f000001:2328	95805:1052	47802	5363
7f000001:2328	95805:1053	15473	8119
7f000001:2328	95805:1054	106309	1300
7f000001:2328	95805:1055	40	13047
7f000001:2328	95805:1056	73532	3937
7f000001:2328	95805:1057	33722	34846
7f000001:2328	95805:1058	82635	61831
7f000001:2328	95805:1059	29502	54528
7f000001:2328	95805:1060	146057	17090
7f000001:2328	95805:1061	120324	3614
7f000001:2328	95805:1062	85725	38122
7f000001:2328	95805:1063	36623	13469
7f000001:2328	95805:1064	27621	25715
7f000001:2328	95805:1065	200844	7908
7f000001:2328	95805:1066	12440	2184
7f000001:2328	95805:1067	13439	12547
7f000001:2328	95805:1068	22953	4465
7f000001:2328	95805:1069	113394	62616
7f000001:2328	95805:1070	90336	11942
7f000001:2328	95805:1071	56596	6555
7f000001:2328	95805:1072	7263	9307
7f000001:2328	95805:1073	123105	2558
7f000001:2328	95805:1074	112849	41963
7f000001:2328	95805:1075	6418	43230
7f000001:2328	95805:1076	64438	35721
7f000001:2328	95805:1077	135996	28493
7f000001:2328	95805:1078	23085	4731
7f000001:2328	95805:1079	35534	20930
7f000001:2328	95805:1080	11114	39257
7f000001:2328	95805:1081	24428	49036
7f000001:2328	95805:1082	16287	15070
7f000001:2328	95805:1083	96421	22288
7f000001:2328	95805:1084	42378	405
7f000001:2328	95805:1085	55355	469
7f000001:2328	95805:1086	10328	32885
7f000001:2328	95805:1087	66377	92191
7f000001:2328	95805:1088	55590	2013
7f000001:2328	95805:1089	22272	12496
7f000001:2328	95805:1090	33034	7552
7f000001:2328	95805:1091	154560	3628
7f000001:2328	95805:1092	44599	33369
7f000001:2328	95805:1093	17191	279
7f000001:2328	95805:1094	44994	444
7f000001:2328	95805:1095	6197	8679
7f000001:2328	95805:1096	8345	18764
7f000001:2328	95805:1097	5696	32372
7f000001:2328	95805:1098	26231	409
7f000001:2328	95805:1099	95281	7606
7f000001:2328	95805:1100	15296	20546
7f000001:2328	95805:1101	53492	4223
7f000001:2328	95805:1102	36555	14258
7f000001:2328	95805:1103	16104	1182
7f000001:2328	95805:1104	5412	13168
7f000001:2328	95805:1105	27505	8730
7f000001:2328	95805:1106	14886	36153
7f000001:2328	95805:1107	3072	23321
7f000001:2328	95805:1108	3949	15232
7f000001:2328	95805:1109	77331	26784
7f000001:2328	95805:1110	91925	29771
7f000001:2328	95805:1111	63384	2456
7f000001:2328	95805:1112	30686	33495
7f000001:2328	95805:1113	7645	5726
7f000001:2328	95805:1114	31389	69138
7f000001:2328	95805:1115	7202	27410
7f000001:2328	95805:1116	25587	3244
7f000001:2328	95805:1117	44242	12744
7f000001:2328	95805:1118	23787	34619
7f000001:2328	95805:1119	20847	5096
7f000001:2328	95805:1120	56266	9905
7f000001:2328	95805:1121	199796	49553
7f000001:2328	95805:1122	16126	16515
7f000001:2328	95805:1123	11527	13298
7f000001:2328	95805:1124	251086	4218
7f000001:2328	95805:1125	11232	21978
7f000001:2328	95805:1126	40845	33797
7f000001:2328	95805:1127	19601	25409
7f000001:2328	95805:1128	17288	4819
7f000001:2328	95805:1129	7244	308
7f000001:2328	95805:1130	21500	709
7f000001:2328	95805:1131	190695	4729
7f000001:2328	95805:1132	49653	182
7f000001:2328	95805:1133	2747	23438
7f000001:2328	95805:1134	51462	5187
7f000001:2328	95805:1135	70585	21321
7f000001:2328	95805:1136	33604	19293
7f000001:2328	95805:1137	76435	77280
7f000001:2328	95805:1138	20184	15445
7f000001:2328	95805:1139	91996	17547
7f000001:2328	95805:1140	37175	5828
7f000001:2328	95805:1141	44700	24566
7f000001:2328	95805:1142	8714	6734
7f000001:2328	95805:1143	66821	9659
7f000001:2328	95805:1144	1406	5923
7f000001:2328	95805:1145	9556	1983
7f000001:2328	95805:1146	4343	6415
7f000001:2328	95805:1147	14684	7600
7f000001:2328	95805:1148	73876	21767
7f000001:2328	95805:1149	3931	1196
7f000001:2328	95805:1150	85009	4763
7f000001:2328	95805:1151	9843	14990
7f000001:2328	95805:1152	181064	11693
7f000001:2328	95805:1153	85945	3995
7f000001:2328	95805:1154	42834	9727
7f000001:2328	95805:1155	234099	8864
7f000001:2328	95805:1156	72365	66610
7f000001:2328	95805:1157	68169	41296
7f000001:2328	95805:1158	12486	1416
7f000001:2328	95805:1159	1131	1714
7f000001:2328	95805:1160	41272	63278
7f000001:2328	95805:1161	65447	8376
7f000001:2328	95805:1162	5556	22863
7f000001:2328	95805:1163	72338	32595
7f000001:2328	95805:1164	11790	25073
7f000001:2328	95805:1165	29544	30888
7f000001:2328	95805:1166	76532	309
7f000001:2328	95805:1167	1951	6597
7f000001:2328	95805:1168	38342	20035
7f000001:2328	95805:1169	104302	60001
7f000001:2328	95805:1170	18481	15416
7f000001:2328	95805:1171	32841	27420
7f000001:2328	95805:1172	48855	53854
7f000001:2328	95805:1173	14824	4629
7f000001:2328	95805:1174	76002	7246
7f000001:2328	95805:1175	9679	656
7f000001:2328	95805:1176	5398	3700
7f000001:2328	95805:1177	11958	1213
7f000001:2328	95805:1178	53704	19982
7f000001:2328	95805:1179	73371	24538
7f000001:2328	95805:1180	17220	35341
7f000001:2328	95805:1181	107339	55285
7f000001:2328	95805:1182	75549	38941
7f000001:2328	95805:1183	76579	13228
7f000001:2328	95805:1184	47455	5116
7f000001:2328	95805:1185	25064	1686
7f000001:2328	95805:1186	18035	10841
7f000001:2328	95805:1187	172976	14471
7f000001:2328	95805:1188	21739	2429
7f000001:2328	95805:1189	9223	7398
7f000001:2328	95805:1190	5122	18393
7f000001:2328	95805:1191	162832	20640
7f000001:2328	95805:1192	113484	2051
7f000001:2328	95805:1193	43301	23457
7f000001:2328	95805:1194	43047	22316
7f000001:2328	95805:1195	8498	2222
7f000001:2328	95805:1196	60161	3652
7f000001:2328	95805:1197	22837	14029
7f000001:2328	95805:1198	1871	12858
7f000001:2328	95805:1199	36441	1827
7f000001:2328	95805:1200	21103	54332
7f000001:2328	95805:1201	5180	3236
7f000001:2328	95805:1202	9646	83448
7f000001:2328	95805:1203	127297	8522
7f000001:2328	95805:1204	36402	28938
7f000001:2328	95805:1205	22183	9365
7f000001:2328	95805:1206	30947	8363
7f000001:2328	95805:1207	1325	16785
7f000001:2328	95805:1208	150083	19985
7f000001:2328	95805:1209	29794	3484
7f000001:2328	95805:1210	9160	15546
7f000001:2328	95805:1211	3674	42196
7f000001:2328	95805:1212	158108	13771
7f000001:2328	95805:1213	115774	37630
7f000001:2328	95805:1214	21214	8864
7f000001:2328	95805:1215	52600	12273
7f000001:2328	95805:1216	42743	8332
7f000001:2328	95805:1217	81058	35797
7f000001:2328	95805:1218	43651	469
7f000001:2328	95805:1219	11997	13165
7f000001:2328	95805:1220	5525	11798
7f000001:2328	95805:1221	140739	67359
7f000001:2328	95805:1222	88201	1498
7f000001:2328	95805:1223	41453	16058
7f000001:2328	95805:1224	4176	45107
7f000001:2328	95805:1225	651	26707
7f000001:2328	95805:1226	52289	34436
7f000001:2328	95805:1227	107679	6583
7f000001:2328	95805:1228	147217	8644
7f000001:2328	95805:1229	11056	4224
7f000001:2328	95805:1230	5659	14709
7f000001:2328	95805:1231	57519	9378
7f000001:2328	95805:1232	39209	35909
7f000001:2328	95805:1233	13548	10321
7f000001:2328	95805:1234	71625	981
7f000001:2328	95805:1235	68478	10595
7f000001:2328	95805:1236	2600	21834
7f000001:2328	95805:1237	1665	18250
7f000001:2328	95805:1238	95405	14844
7f000001:2328	95805:1239	118833	7566
7f000001:2328	95805:1240	2787	9727
7f000001:2328	95805:1241	26027	12496
7f000001:2328	95805:1242	17340	12848
7f000001:2328	95805:1243	2809	9355
7f000001:2328	95805:1244	13211	21495
7f000001:2328	95805:1245	35388	14674
7f000001:2328	95805:1246	45149	4589
7f000001:2328	95805:1247	188669	41440
7f000001:2328	95805:1248	29258	8037
7f000001:2328	95805:1249	9452	1609
7f000001:2328	95805:1250	53810	23593
7f000001:2328	95805:1251	84322	30044
7f000001:2328	95805:1252	8709	25094
7f000001:2328	95805:1253	34588	59403
7f000001:2328	95805:1254	111985	5096
7f000001:2328	95805:1255	25684	17998
7f000001:2328	95805:1256	9573	24785
7f000001:2328	95805:1257	56355	540
7f000001:2328	95805:1258	64796	35974
7f000001:2328	95805:1259	13920	11480
7f000001:2328	95805:1260	29804	823
7f000001:2328	95805:1261	107406	17673
7f000001:2328	95805:1262	25267	10071
7f000001:2328	95805:1263	34689	61882
7f000001:2328	95805:1264	26015	1545
7f000001:2328	95805:1265	142860	30808
7f000001:2328	95805:1266	20920	8109
7f000001:2328	95805:1267	14399	19417
7f000001:2328	95805:1268	25332	16725
7f000001:2328	95805:1269	13277	23106
7f000001:2328	95805:1270	31235	5882
7f000001:2328	95805:1271	55584	12051
7f000001:2328	95805:1272	93900	8024
7f000001:2328	95805:1273	38067	16808
7f000001:2328	95805:1274	19766	2864
7f000001:2328	95805:1275	93364	17901
7f000001:2328	95805:1276	5165	17358
7f000001:2328	95805:1277	262583	60626
7f000001:2328	95805:1278	2547	80148
7f000001:2328	95805:1279	30004	44999
7f000001:2328	95805:1280	33289	12715
7f000001:2328	95805:1281	29604	39020
7f000001:2328	95805:1282	13940	10011
7f000001:2328	95805:1283	95966	8289
7f000001:2328	95805:1284	60845	24051
7f000001:2328	95805:1285	72651	14457
7f000001:2328	95805:1286	89998	24910
7f000001:2328	95805:1287	10665	19362
7f000001:2328	95805:1288	107842	19174
7f000001:2328	95805:1289	49077	39862
7f000001:2328	95805:1290	71082	4921
7f000001:2328	95805:1291	16056	9290
7f000001:2328	95805:1292	73400	60541
7f000001:2328	95805:1293	41636	6594
7f000001:2328	95805:1294	38612	20306
7f000001:2328	95805:1295	279362	1089
7f000001:2328	95805:1296	64605	5518
7f000001:2328	95805:1297	27690	3041
7f000001:2328	95805:1298	91576	1420
7f000001:2328	95805:1299	9427	2653
7f000001:2328	95805:1300	225074	16780
7f000001:2328	95805:1301	19524	5516
7f000001:2328	95805:1302	53720	9688
7f000001:2328	95805:1303	10315	2446
7f000001:2328	95805:1304	168472	23601
7f000001:2328	95805:1305	1412	4253
7f000001:2328	95805:1306	53122	9498
7f000001:2328	95805:1307	160902	3534
7f000001:2328	95805:1308	35816	1786
7f000001:2328	95805:1309	19964	66938
7f000001:2328	95805:1310	36980	5
7f000001:2328	95805:1311	27503	37163
7f000001:2328	95805:1312	97967	803
7f000001:2328	95805:1313	31721	5022
7f000001:2328	95805:1314	22231	27924
7f000001:2328	95805:1315	64069	16398
7f000001:2328	95805:1316	169213	4500
7f000001:2328	95805:1317	64966	13759
7f000001:2328	95805:1318	149755	2640
7f000001:2328	95805:1319	26953	20731
7f000001:2328	95805:1320	6497	490
7f000001:2328	95805:1321	1700	71465
7f000001:2328	95805:1322	19849	939
7f000001:2328	95805:1323	120678	38279
7f000001:2328	95805:1324	7654	18800
7f000001:2328	95805:1325	101446	6207
7f000001:2328	95805:1326	50804	27449
7f000001:2328	95805:1327	89871	21863
7f000001:2328	95805:1328	8081	5210
7f000001:2328	95805:1329	151743	45844
7f000001:2328	95805:1330	71462	42478
7f000001:2328	95805:1331	36727	6004
7f000001:2328	95805:1332	176712	16277
7f000001:2328	95805:1333	1294	16978
7f000001:2328	95805:1334	48935	62
7f000001:2328	95805:1335	43749	30167
7f000001:2328	95805:1336	2918	1289
7f000001:2328	95805:1337	59658	3264
7f000001:2328	95805:1338	19399	41965
7f000001:2328	95805:1339	15875	5638
7f000001:2328	95805:1340	75042	1043
7f000001:2328	95805:1341	35103	2625
7f000001:2328	95805:1342	28620	2213
7f000001:2328	95805:1343	71961	48488
7f000001:2328	95805:1344	5298	41912
7f000001:2328	95805:1345	98805	11502
7f000001:2328	95805:1346	47860	24296
7f000001:2328	95805:1347	20292	28127
7f000001:2328	95805:1348	80232	13344
7f000001:2328	95805:1349	60678	1313
7f000001:2328	95805:1350	18430	20433
7f000001:2328	95805:1351	46175	13575
7f000001:2328	95805:1352	54399	44214
7f000001:2328	95805:1353	46191	25581
7f000001:2328	95805:1354	70675	852
7f000001:2328	95805:1355	48277	9041
7f000001:2328	95805:1356	40141	10066
7f000001:2328	95805:1357	174430	21539
7f000001:2328	95805:1358	1183	3742
7f000001:2328	95805:1359	15847	10925
7f000001:2328	95805:1360	10848	2057
7f000001:2328	95805:1361	26926	11476
7f000001:2328	95805:1362	51947	5982
7f000001:2328	95805:1363	8272	39272
7f000001:2328	95805:1364	11246	10063
7f000001:2328	95805:1365	25260	738
7f000001:2328	95805:1366	2261	1847
7f000001:2328	95805:1367	9377	1431
7f000001:2328	95805:1368	87636	9275
7f000001:2328	95805:1369	136595	57689
7f000001:2328	95805:1370	72979	5172
7f000001:2328	95805:1371	23160	834
7f000001:2328	95805:1372	13099	21952
7f000001:2328	95805:1373	10505	65693
7f000001:2328	95805:1374	38236	1475
7f000001:2328	95805:1375	57705	2199
7f000001:2328	95805:1376	39559	6307
7f000001:2328	95805:1377	8693	3857
7f000001:2328	95805:1378	151241	27703
7f000001:2328	95805:1379	51640	16967
7f000001:2328	95805:1380	59283	29841
7f000001:2328	95805:1381	3156	4691
7f000001:2328	95805:1382	5408	3289
7f000001:2328	95805:1383	92329	7550
7f000001:2328	95805:1384	65000	19309
7f000001:2328	95805:1385	67915	73445
7f000001:2328	95805:1386	76009	36776
7f000001:2328	95805:1387	41288	3986
7f000001:2328	95805:1388	44787	25623
7f000001:2328	95805:1389	49712	8755
7f000001:2328	95805:1390	62412	7414
7f000001:2328	95805:1391	15420	9767
7f000001:2328	95805:1392	57228	8103
7f000001:2328	95805:1393	17160	17411
7f000001:2328	95805:1394	100487	12710
7f000001:2328	95805:1395	2498	5296
7f000001:2328	95805:1396	30896	59223
7f000001:2328	95805:1397	5900	36165
7f000001:2328	95805:1398	62931	1728
7f000001:2328	95805:1399	104024	8001
7f000001:2328	95805:1400	43330	34545
7f000001:2328	95805:1401	15696	8470
7f000001:2328	95805:1402	52670	21035
7f000001:2328	95805:1403	3700	1127
7f000001:2328	95805:1404	212450	430
7f000001:2328	95805:1405	194979	21458
7f000001:2328	95805:1406	94030	73583
7f000001:2328	95805:1407	64015	14152
7f000001:2328	95805:1408	33071	22451
7f000001:2328	95805:1409	12251	15607
7f000001:2328	95805:1410	26323	9482
7f000001:2328	95805:1411	141516	13543
7f000001:2328	95805:1412	14617	13509
7f000001:2328	95805:1413	70450	19929
7f000001:2328	95805:1414	13235	30322
7f000001:2328	95805:1415	110956	512
7f000001:2328	95805:1416	41326	40682
7f000001:2328	95805:1417	65172	8958
7f000001:2328	95805:1418	7540	23865
7f000001:2328	95805:1419	59246	55086
7f000001:2328	95805:1420	12616	2335
7f000001:2328	95805:1421	14918	22923
7f000001:2328	95805:1422	73458	11872
7f000001:2328	95805:1423	2636	4572
7f000001:2328	95805:1424	8662	11036
7f000001:2328	95805:1425	72283	13053
7f000001:2328	95805:1426	19443	36258
7f000001:2328	95805:1427	32082	8070
7f000001:2328	95805:1428	70190	4348
7f000001:2328	95805:1429	20080	643
7f000001:2328	95805:1430	81603	34495
7f000001:2328	95805:1431	84580	30391
7f000001:2328	95805:1432	36836	33639
7f000001:2328	95805:1433	82533	8982
7f000001:2328	95805:1434	74641	42213
7f000001:2328	95805:1435	61319	20535
7f000001:2328	95805:1436	17085	29269
7f000001:2328	95805:1437	28867	34778
7f000001:2328	95805:1438	95624	10001
7f000001:2328	95805:1439	196517	67789
7f000001:2328	95805:1440	8842	9175
7f000001:2328	95805:1441	115687	62687
7f000001:2328	95805:1442	29466	3812
7f000001:2328	95805:1443	102371	30502
7f000001:2328	95805:1444	212738	10246
7f000001:2328	95805:1445	55709	5241
7f000001:2328	95805:1446	141390	86495
7f000001:2328	95805:1447	38142	5750
7f000001:2328	95805:1448	57440	69602
7f000001:2328	95805:1449	15931	86810
7f000001:2328	95805:1450	547	65935
7f000001:2328	95805:1451	5558	9827
7f000001:2328	95805:1452	49091	22640
7f000001:2328	95805:1453	68460	36807
7f000001:2328	95805:1454	75967	24287
7f000001:2328	95805:1455	3328	6964
7f000001:2328	95805:1456	19660	1922
7f000001:2328	95805:1457	42402	9567
7f000001:2328	95805:1458	2624	16759
7f000001:2328	95805:1459	22712	35488
7f000001:2328	95805:1460	126446	27663
7f000001:2328	95805:1461	890	30306
7f000001:2328	95805:1462	132864	3934
7f000001:2328	95805:1463	40300	7964
7f000001:2328	95805:1464	101213	62752
7f000001:2328	95805:1465	89657	25375
7f000001:2328	95805:1466	22993	19460
7f000001:2328	95805:1467	5541	2338
7f000001:2328	95805:1468	48211	41129
7f000001:2328	95805:1469	18907	2833
7f000001:2328	95805:1470	34023	6357
7f000001:2328	95805:1471	68157	38780
7f000001:2328	95805:1472	26514	3948
7f000001:2328	95805:1473	15895	2346
7f000001:2328	95805:1474	58808	23949
7f000001:2328	95805:1475	185243	13523
7f000001:2328	95805:1476	34869	2561
7f000001:2328	95805:1477	57725	3997
7f000001:2328	95805:1478	60633	17779
7f000001:2328	95805:1479	1258	18765
7f000001:2328	95805:1480	28555	23116
7f000001:2328	95805:1481	8532	20913
7f000001:2328	95805:1482	9235	12846
7f000001:2328	95805:1483	23506	58925
7f000001:2328	95805:1484	1116	1401
7f000001:2328	95805:1485	19877	6955
7f000001:2328	95805:1486	62000	9614
7f000001:2328	95805:1487	55449	13463
7f000001:2328	95805:1488	158032	10463
7f000001:2328	95805:1489	30005	3992
7f000001:2328	95805:1490	44014	34839
7f000001:2328	95805:1491	122557	8427
7f000001:2328	95805:1492	9855	32528
7f000001:2328	95805:1493	10668	12852
7f000001:2328	95805:1494	2649	11036
7f000001:2328	95805:1495	65579	9165
7f000001:2328	95805:1496	99312	52319
7f000001:2328	95805:1497	30062	20844
7f000001:2328	95805:1498	42040	3937
7f000001:2328	95805:1499	29853	1952
7f000001:2328	95805:1500	30717	12415
7f000001:2328	95805:1501	104554	12481
7f000001:2328	95805:1502	48447	792
7f000001:2328	95805:1503	6045	2405
7f000001:2328	95805:1504	81245	4145
7f000001:2328	95805:1505	43940	12716
7f000001:2328	95805:1506	34590	4799
7f000001:2328	95805:1507	92836	381
7f000001:2328	95805:1508	53344	2500
7f000001:2328	95805:1509	16365	14850
7f000001:2328	95805:1510	33318	11404
7f000001:2328	95805:1511	22835	63042
7f000001:2328	95805:1512	18382	15097
7f000001:2328	95805:1513	35155	37354
7f000001:2328	95805:1514	59427	13989
7f000001:2328	95805:1515	62043	18120
7f000001:2328	95805:1516	73611	5565
7f000001:2328	95805:1517	49033	7699
7f000001:2328	95805:1518	52869	50292
7f000001:2328	95805:1519	28858	2696
7f000001:2328	95805:1520	36692	20405
7f000001:2328	95805:1521	8565	1356
7f000001:2328	95805:1522	160855	15229
7f000001:2328	95805:1523	32419	39864
7f000001:2328	95805:1524	121155	2688
7f000001:2328	95805:1525	101130	6013
7f000001:2328	95805:1526	30820	4174
7f000001:2328	95805:1527	15357	45056
7f000001:2328	95805:1528	42550	23555
7f000001:2328	95805:1529	177508	7368
7f000001:2328	95805:1530	22810	20392
7f000001:2328	95805:1531	17931	54
7f000001:2328	95805:1532	150662	5411
7f000001:2328	95805:1533	30896	317
7f000001:2328	95805:1534	109378	11710
7f000001:2328	95805:1535	33730	6178
7f000001:2328	95805:1536	90404	4057
7f000001:2328	95805:1537	7864	2383
7f000001:2328	95805:1538	100140	34039
7f000001:2328	95805:1539	53398	9844
7f000001:2328	95805:1540	19647	6248
7f000001:2328	95805:1541	61771	548
7f000001:2328	95805:1542	24879	9716
7f000001:2328	95805:1543	34207	19683
7f000001:2328	95805:1544	35692	18765
7f000001:2328	95805:1545	22277	16252
7f000001:2328	95805:1546	1620	51246
7f000001:2328	95805:1547	73094	4563
7f000001:2328	95805:1548	5954	35410
7f000001:2328	95805:1549	66587	22359
7f000001:2328	95805:1550	13196	33134
7f000001:2328	95805:1551	119975	16120
7f000001:2328	95805:1552	29399	24405
7f000001:2328	95805:1553	20711	1530
7f000001:2328	95805:1554	10519	27912
7f000001:2328	95805:1555	20834	8539
7f000001:2328	95805:1556	70394	1006
7f000001:2328	95805:1557	44751	30200
7f000001:2328	95805:1558	9871	5294
7f000001:2328	95805:1559	8826	26017
7f000001:2328	95805:1560	55839	17510
7f000001:2328	95805:1561	47944	18809
7f000001:2328	95805:1562	93279	4908
7f000001:2328	95805:1563	83202	6543
7f000001:2328	95805:1564	245215	9651
7f000001:2328	95805:1565	2644	62891
7f000001:2328	95805:1566	101103	1244
7f000001:2328	95805:1567	40727	4066
7f000001:2328	95805:1568	2514	9602
7f000001:2328	95805:1569	36245	4430
7f000001:2328	95805:1570	18636	13567
7f000001:2328	95805:1571	39858	24958
7f000001:2328	95805:1572	75974	5107
7f000001:2328	95805:1573	92918	8567
7f000001:2328	95805:1574	168647	25101
7f000001:2328	95805:1575	8490	28670
7f000001:2328	95805:1576	2639	9405
7f000001:2328	95805:1577	17223	23492
7f000001:2328	95805:1578	47543	26089
7f000001:2328	95805:1579	4372	9628
7f000001:2328	95805:1580	107348	7692
7f000001:2328	95805:1581	15648	10952
7f000001:2328	95805:1582	24233	19920
7f000001:2328	95805:1583	39948	7368
7f000001:2328	95805:1584	14839	629
7f000001:2328	95805:1585	6169	2363
7f000001:2328	95805:1586	139774	8346
7f000001:2328	95805:1587	9053	21681
7f000001:2328	95805:1588	33982	6723
7f000001:2328	95805:1589	7895	1504
7f000001:2328	95805:1590	7421	10759
7f000001:2328	95805:1591	2928	353
7f000001:2328	95805:1592	31905	2039
7f000001:2328	95805:1593	36812	1350
7f000001:2328	95805:1594	29322	5961
7f000001:2328	95805:1595	8665	11213
7f000001:2328	95805:1596	192460	1460
7f000001:2328	95805:1597	49816	8256
7f000001:2328	95805:1598	28214	37770
7f000001:2328	95805:1599	13731	2537
7f000001:2328	95805:1600	37448	27881
7f000001:2328	95805:1601	74448	5033
7f000001:2328	95805:1602	45912	9490
7f000001:2328	95805:1603	8116	13429
7f000001:2328	95805:1604	26965	81591
7f000001:2328	95805:1605	64051	37308
7f000001:2328	95805:1606	68352	18898
7f000001:2328	95805:1607	103787	9140
7f000001:2328	95805:1608	8667	973
7f000001:2328	95805:1609	75557	11845
7f000001:2328	95805:1610	43101	6504
7f000001:2328	95805:1611	25254	37136
7f000001:2328	95805:1612	20883	7955
7f000001:2328	95805:1613	47447	5782
7f000001:2328	95805:1614	99006	31646
7f000001:2328	95805:1615	7729	9612
7f000001:2328	95805:1616	71800	37
7f000001:2328	95805:1617	52568	21206
7f000001:2328	95805:1618	131164	10620
7f000001:2328	95805:1619	53522	21332
7f000001:2328	95805:1620	54233	258
7f000001:2328	95805:1621	80944	4302
7f000001:2328	95805:1622	124178	16243
7f000001:2328	95805:1623	52002	25926
7f000001:2328	95805:1624	54482	5883
7f000001:2328	95805:1625	35938	3436
7f000001:2328	95805:1626	25463	492
7f000001:2328	95805:1627	96360	21478
7f000001:2328	95805:1628	40104	51530
7f000001:2328	95805:1629	3106	10221
7f000001:2328	95805:1630	17482	2929
7f000001:2328	95805:1631	91332	40972
7f000001:2328	95805:1632	22893	12709
7f000001:2328	95805:1633	37448	28983
7f000001:2328	95805:1634	24602	27850
7f000001:2328	95805:1635	18264	1714
7f000001:2328	95805:1636	23939	12505
7f000001:2328	95805:1637	33361	30926
7f000001:2328	95805:1638	60227	32059
7f000001:2328	95805:1639	69913	5817
7f000001:2328	95805:1640	52082	5796
7f000001:2328	95805:1641	52418	29
7f000001:2328	95805:1642	100593	5848
7f000001:2328	95805:1643	11754	76
7f000001:2328	95805:1644	120487	2199
7f000001:2328	95805:1645	4357	33414
7f000001:2328	95805:1646	24860	17899
7f000001:2328	95805:1647	37136	100430
7f000001:2328	95805:1648	9150	52352
7f000001:2328	95805:1649	34536	3774
7f000001:2328	95805:1650	20792	98828
7f000001:2328	95805:1651	129928	45572
7f000001:2328	95805:1652	40480	10873
7f000001:2328	95805:1653	66918	77212
7f000001:2328	95805:1654	7388	25191
7f000001:2328	95805:1655	48573	2962
7f000001:2328	95805:1656	11948	14083
7f000001:2328	95805:1657	54798	39582
7f000001:2328	95805:1658	26555	4437
7f000001:2328	95805:1659	39160	5511
7f000001:2328	95805:1660	10912	10511
7f000001:2328	95805:1661	47576	70
7f000001:2328	95805:1662	3948	1108
7f000001:2328	95805:1663	14679	952
7f000001:2328	95805:1664	37535	16760
7f000001:2328	95805:1665	64254	28701
7f000001:2328	95805:1666	16949	4737
7f000001:2328	95805:1667	50331	60227
7f000001:2328	95805:1668	56883	6686
7f000001:2328	95805:1669	27419	14021
7f000001:2328	95805:1670	187578	8849
7f000001:2328	95805:1671	14925	12495
7f000001:2328	95805:1672	113046	35045
7f000001:2328	95805:1673	263494	15574
7f000001:2328	95805:1674	73620	75076
7f000001:2328	95805:1675	13739	6394
7f000001:2328	95805:1676	28396	17612
7f000001:2328	95805:1677	5858	4030
7f000001:2328	95805:1678	53388	5572
7f000001:2328	95805:1679	7476	7634
7f000001:2328	95805:1680	4686	43518
7f000001:2328	95805:1681	20466	12484
7f000001:2328	95805:1682	3460	227
7f000001:2328	95805:1683	35775	10539
7f000001:2328	95805:1684	24318	3453
7f000001:2328	95805:1685	62251	27201
7f000001:2328	95805:1686	40026	1423
7f000001:2328	95805:1687	19930	6596
7f000001:2328	95805:1688	1920	5779
7f000001:2328	95805:1689	18558	7077
7f000001:2328	95805:1690	125977	2232
7f000001:2328	95805:1691	105757	32570
7f000001:2328	95805:1692	12463	5695
7f000001:2328	95805:1693	127821	1938
7f000001:2328	95805:1694	26696	2170
7f000001:2328	95805:1695	23457	27221
7f000001:2328	95805:1696	147565	12769
7f000001:2328	95805:1697	23607	1896
7f000001:2328	95805:1698	38890	20770
7f000001:2328	95805:1699	77388	30328
7f000001:2328	95805:1700	128273	36129
7f000001:2328	95805:1701	83701	37151
7f000001:2328	95805:1702	12952	25546
7f000001:2328	95805:1703	30361	15625
7f000001:2328	95805:1704	30172	48850
7f000001:2328	95805:1705	70000	11786
7f000001:2328	95805:1706	114254	20136
7f000001:2328	95805:1707	5178	17903
7f000001:2328	95805:1708	62764	2683
7f000001:2328	95805:1709	17481	36384
7f000001:2328	95805:1710	59833	47496
7f000001:2328	95805:1711	26704	21217
7f000001:2328	95805:1712	15752	1999
7f000001:2328	95805:1713	18812	4904
7f000001:2328	95805:1714	15733	7088
7f000001:2328	95805:1715	44879	5730
7f000001:2328	95805:1716	22003	12147
7f000001:2328	95805:1717	85990	43454
7f000001:2328	95805:1718	14000	28866
7f000001:2328	95805:1719	8310	28865
7f000001:2328	95805:1720	3429	1864
7f000001:2328	95805:1721	6053	11902
7f000001:2328	95805:1722	275988	21483
7f000001:2328	95805:1723	142268	7038
7f000001:2328	95805:1724	77954	192
7f000001:2328	95805:1725	3473	943
7f000001:2328	95805:1726	93110	10196
7f000001:2328	95805:1727	43483	7606
7f000001:2328	95805:1728	90453	44068
7f000001:2328	95805:1729	3774	3045
7f000001:2328	95805:1730	13123	495
7f000001:2328	95805:1731	22084	70598
7f000001:2328	95805:1732	29265	20547
7f000001:2328	95805:1733	119666	2181
7f000001:2328	95805:1734	41484	94882
7f000001:2328	95805:1735	66129	42347
7f000001:2328	95805:1736	17313	3629
7f000001:2328	95805:1737	241492	27784
7f000001:2328	95805:1738	46043	39839
7f000001:2328	95805:1739	3091	24102
7f000001:2328	95805:1740	55348	8304
7f000001:2328	95805:1741	18334	8619
7f000001:2328	95805:1742	25989	28119
7f000001:2328	95805:1743	8414	3483
7f000001:2328	95805:1744	111459	7205
7f000001:2328	95805:1745	5258	48860
7f000001:2328	95805:1746	36381	6346
7f000001:2328	95805:1747	70013	15595
7f000001:2328	95805:1748	102037	5745
7f000001:2328	95805:1749	24531	3662
7f000001:2328	95805:1750	30110	12954
7f000001:2328	95805:1751	8746	3683
7f000001:2328	95805:1752	24958	14224
7f000001:2328	95805:1753	218564	20770
7f000001:2328	95805:1754	52132	5821
7f000001:2328	95805:1755	17894	11141
7f000001:2328	95805:1756	37128	31691
7f000001:2328	95805:1757	124618	36606
7f000001:2328	95805:1758	99293	1188
7f000001:2328	95805:1759	20697	2058
7f000001:2328	95805:1760	2585	50080
7f000001:2328	95805:1761	169825	2779
7f000001:2328	95805:1762	1424	1808
7f000001:2328	95805:1763	7812	4202
7f000001:2328	95805:1764	8751	24324
7f000001:2328	95805:1765	25292	11967
7f000001:2328	95805:1766	9971	21112
7f000001:2328	95805:1767	44992	31661
7f000001:2328	95805:1768	66036	16018
7f000001:2328	95805:1769	6351	49787
7f000001:2328	95805:1770	53511	11525
7f000001:2328	95805:1771	30937	15334
7f000001:2328	95805:1772	49821	42747
7f000001:2328	95805:1773	20357	1766
7f000001:2328	95805:1774	39324	11980
7f000001:2328	95805:1775	118334	20831
7f000001:2328	95805:1776	58437	2860
7f000001:2328	95805:1777	66715	397
7f000001:2328	95805:1778	79594	2468
7f000001:2328	95805:1779	53933	28946
7f000001:2328	95805:1780	140823	21583
7f000001:2328	95805:1781	53009	5694
7f000001:2328	95805:1782	26162	9552
7f000001:2328	95805:1783	41172	1876
7f000001:2328	95805:1784	8668	8718
7f000001:2328	95805:1785	12667	12252
7f000001:2328	95805:1786	155778	16380
7f000001:2328	95805:1787	42184	70864
7f000001:2328	95805:1788	143801	31924
7f000001:2328	95805:1789	135666	11748
7f000001:2328	95805:1790	34501	6362
7f000001:2328	95805:1791	144784	5347
7f000001:2328	95805:1792	11664	3264
7f000001:2328	95805:1793	28464	12695
7f000001:2328	95805:1794	44256	11033
7f000001:2328	95805:1795	13758	3279
7f000001:2328	95805:1796	56460	11796
7f000001:2328	95805:1797	164946	11803
7f000001:2328	95805:1798	91085	13193
7f000001:2328	95805:1799	41674	30460
7f000001:2328	95805:1800	15426	34100
7f000001:2328	95805:1801	2361	8593
7f000001:2328	95805:1802	9120	13019
7f000001:2328	95805:1803	19648	12737
7f000001:2328	95805:1804	3315	5157
7f000001:2328	95805:1805	15395	4148
7f000001:2328	95805:1806	26742	6294
7f000001:2328	95805:1807	86260	2169
7f000001:2328	95805:1808	51683	31610
7f000001:2328	95805:1809	252486	5732
7f000001:2328	95805:1810	19589	1542
7f000001:2328	95805:1811	31374	6664
7f000001:2328	95805:1812	8114	22299
7f000001:2328	95805:1813	62465	9111
7f000001:2328	95805:1814	3605	10361
7f000001:2328	95805:1815	31887	33423
7f000001:2328	95805:1816	116243	8075
7f000001:2328	95805:1817	18302	32155
7f000001:2328	95805:1818	200675	7085
7f000001:2328	95805:1819	66093	19961
7f000001:2328	95805:1820	5948	5600
7f000001:2328	95805:1821	71056	2152
7f000001:2328	95805:1822	12362	16426
7f000001:2328	95805:1823	26009	42182
7f000001:2328	95805:1824	45726	10369
7f000001:2328	95805:1825	74526	3363
7f000001:2328	95805:1826	54792	3128
7f000001:2328	95805:1827	29533	21682
7f000001:2328	95805:1828	95721	5426
7f000001:2328	95805:1829	1587	9216
7f000001:2328	95805:1830	68119	17541
7f000001:2328	95805:1831	14488	2729
7f000001:2328	95805:1832	25882	7871
7f000001:2328	95805:1833	9285	19684
7f000001:2328	95805:1834	61973	26936
7f000001:2328	95805:1835	526	4529
7f000001:2328	95805:1836	84674	16226
7f000001:2328	95805:1837	18598	18329
7f000001:2328	95805:1838	40172	1626
7f000001:2328	95805:1839	101869	46478
7f000001:2328	95805:1840	85304	6227
7f000001:2328	95805:1841	48149	41336
7f000001:2328	95805:1842	30740	20856
7f000001:2328	95805:1843	15173	2076
7f000001:2328	95805:1844	66102	12272
7f000001:2328	95805:1845	6976	24372
7f000001:2328	95805:1846	13913	12621
7f000001:2328	95805:1847	19964	88296
7f000001:2328	95805:1848	58674	31362
7f000001:2328	95805:1849	114943	819
7f000001:2328	95805:1850	381	40501
7f000001:2328	95805:1851	80356	34947
7f000001:2328	95805:1852	50761	12588
7f000001:2328	95805:1853	36705	26808
7f000001:2328	95805:1854	222819	68099
7f000001:2328	95805:1855	103004	1221
7f000001:2328	95805:1856	55028	17505
7f000001:2328	95805:1857	55154	20794
7f000001:2328	95805:1858	77589	1980
7f000001:2328	95805:1859	69622	209
7f000001:2328	95805:1860	17441	11392
7f000001:2328	95805:1861	49089	12570
7f000001:2328	95805:1862	21955	67717
7f000001:2328	95805:1863	6104	29015
7f000001:2328	95805:1864	61170	51584
7f000001:2328	95805:1865	30208	17410
7f000001:2328	95805:1866	19032	30345
7f000001:2328	95805:1867	3431	48316
7f000001:2328	95805:1868	15489	12003
7f000001:2328	95805:1869	55942	44267
7f000001:2328	95805:1870	31448	14304
7f000001:2328	95805:1871	79554	8287
7f000001:2328	95805:1872	32147	52963
7f000001:2328	95805:1873	23068	11996
7f000001:2328	95805:1874	18321	5844
7f000001:2328	95805:1875	3066	39815
7f000001:2328	95805:1876	18212	60090
7f000001:2328	95805:1877	297128	41900
7f000001:2328	95805:1878	48924	19800
7f000001:2328	95805:1879	176422	24340
7f000001:2328	95805:1880	8779	13751
7f000001:2328	95805:1881	36248	28859
7f000001:2328	95805:1882	66225	12459
7f000001:2328	95805:1883	31262	2235
7f000001:2328	95805:1884	17216	88122
7f000001:2328	95805:1885	122222	17677
7f000001:2328	95805:1886	45425	25136
7f000001:2328	95805:1887	42958	60905
7f000001:2328	95805:1888	15158	12531
7f000001:2328	95805:1889	13359	23426
7f000001:2328	95805:1890	29505	13424
7f000001:2328	95805:1891	17393	2600
7f000001:2328	95805:1892	135387	4458
7f000001:2328	95805:1893	42777	4706
7f000001:2328	95805:1894	12592	29539
7f000001:2328	95805:1895	30905	24738
7f000001:2328	95805:1896	19378	52054
7f000001:2328	95805:1897	5331	99
7f000001:2328	95805:1898	969	21664
7f000001:2328	95805:1899	54154	1329
7f000001:2328	95805:1900	45754	3435
7f000001:2328	95805:1901	59227	427
7f000001:2328	95805:1902	12183	21872
7f000001:2328	95805:1903	46854	18995
7f000001:2328	95805:1904	47147	373
7f000001:2328	95805:1905	1517	15662
7f000001:2328	95805:1906	53417	13086
7f000001:2328	95805:1907	87364	12198
7f000001:2328	95805:1908	4022	1661
7f000001:2328	95805:1909	149947	8702
7f000001:2328	95805:1910	119351	10258
7f000001:2328	95805:1911	9093	30870
7f000001:2328	95805:1912	45035	17377
7f000001:2328	95805:1913	120310	27167
7f000001:2328	95805:1914	11117	33181
7f000001:2328	95805:1915	20553	48424
7f000001:2328	95805:1916	19380	15420
7f000001:2328	95805:1917	138840	80790
7f000001:2328	95805:1918	5597	65589
7f000001:2328	95805:1919	14815	57094
7f000001:2328	95805:1920	23343	21682
7f000001:2328	95805:1921	97678	8294
7f000001:2328	95805:1922	20316	72447
7f000001:2328	95805:1923	136410	44418
7f000001:2328	95805:1924	15382	58666
7f000001:2328	95805:1925	38326	2292
7f000001:2328	95805:1926	29124	3589
7f000001:2328	95805:1927	34498	26603
7f000001:2328	95805:1928	54420	3868
7f000001:2328	95805:1929	2941	2591
7f000001:2328	95805:1930	36712	52350
7f000001:2328	95805:1931	25091	19079
7f000001:2328	95805:1932	60156	18714
7f000001:2328	95805:1933	45451	5411
7f000001:2328	95805:1934	5762	21390
7f000001:2328	95805:1935	12860	18747
7f000001:2328	95805:1936	27556	3674
7f000001:2328	95805:1937	33366	29874
7f000001:2328	95805:1938	19094	357
7f000001:2328	95805:1939	51164	8700
7f000001:2328	95805:1940	94602	2733
7f000001:2328	95805:1941	17821	3857
7f000001:2328	95805:1942	24152	25205
7f000001:2328	95805:1943	2856	10891
7f000001:2328	95805:1944	31879	12660
7f000001:2328	95805:1945	82249	97976
7f000001:2328	95805:1946	59501	2977
7f000001:2328	95805:1947	114786	25778
7f000001:2328	95805:1948	48528	11737
7f000001:2328	95805:1949	27183	17770
7f000001:2328	95805:1950	1297	11399
7f000001:2328	95805:1951	95633	39952
7f000001:2328	95805:1952	1555	22248
7f000001:2328	95805:1953	50630	17321
7f000001:2328	95805:1954	2451	1376
7f000001:2328	95805:1955	44450	6757
7f000001:2328	95805:1956	6743	13878
7f000001:2328	95805:1957	1828	19047
7f000001:2328	95805:1958	30887	9419
7f000001:2328	95805:1959	51794	95144
7f000001:2328	95805:1960	51242	29271
7f000001:2328	95805:1961	75324	1896
7f000001:2328	95805:1962	7873	20648
7f000001:2328	95805:1963	11756	22221
7f000001:2328	95805:1964	4530	33437
7f000001:2328	95805:1965	4294	9143
7f000001:2328	95805:1966	174456	50960
7f000001:2328	95805:1967	4760	8624
7f000001:2328	95805:1968	28512	14188
7f000001:2328	95805:1969	13701	9008
7f000001:2328	95805:1970	62546	4644
7f000001:2328	95805:1971	4985	53967
7f000001:2328	95805:1972	49067	20146
7f000001:2328	95805:1973	17875	32555
7f000001:2328	95805:1974	53211	21672
7f000001:2328	95805:1975	7616	40015
7f000001:2328	95805:1976	10579	2587
7f000001:2328	95805:1977	14747	94202
7f000001:2328	95805:1978	56856	9607
7f000001:2328	95805:1979	5759	15305
7f000001:2328	95805:1980	18683	5789
7f000001:2328	95805:1981	2435	98741
7f000001:2328	95805:1982	25806	5073
7f000001:2328	95805:1983	104898	23326
7f000001:2328	95805:1984	25007	17227
7f000001:2328	95805:1985	63837	30366
7f000001:2328	95805:1986	101704	20889
7f000001:2328	95805:1987	123184	9722
7f000001:2328	95805:1988	25965	715
7f000001:2328	95805:1989	50263	17944
7f000001:2328	95805:1990	50678	8805
7f000001:2328	95805:1991	55089	10966
7f000001:2328	95805:1992	70347	3917
7f000001:2328	95805:1993	37656	23824
7f000001:2328	95805:1994	13056	11699
7f000001:2328	95805:1995	35023	39467
7f000001:2328	95805:1996	5396	13270
7f000001:2328	95805:1997	65613	11702
7f000001:2328	95805:1998	94001	14048
7f000001:2328	95805:1999	15688	8209
