7f000001:986a	6785:0	307163	324003	1	2740
7f000001:986a	6785:1	401854	407049	1	81755
7f000001:986a	6785:2	469949	544098	1	20140
7f000001:986a	6785:3	558118	621959	1	7370
7f000001:986a	6785:4	626594	685873	1	79889
7f000001:986a	6785:5	711201	822497	1	192
7f000001:986a	6785:6	866704	878007	1	19891
7f000001:986a	6785:7	919596	953318	1	31483
7f000001:986a	6785:8	980861	1039783	1	17958
7f000001:986a	6785:9	1101711	1111883	1	1726
7f000001:986a	6785:10	1223810	1228220	1	69762
7f000001:986a	6785:11	1281816	1306496	1	18265
7f000001:986a	6785:12	1366388	1380822	1	33670
7f000001:986a	6785:13	1446219	1456569	1	2584
7f000001:986a	6785:14	1564675	1568642	1	21506
7f000001:986a	6785:15	1623158	1644312	1	8093
7f000001:986a	6785:16	1695438	1707174	1	12254
7f000001:986a	6785:17	1715375	1776177	1	68645
7f000001:986a	6785:18	1779692	1874683	2	53305
7f000001:986a	6785:19	1844301	1977968	2	6791
7f000001:986a	6785:20	1951960	2025697	2	42804
7f000001:986a	6785:21	1982317	2066109	2	65019
7f000001:986a	6785:22	2051811	2155708	2	59446
7f000001:986a	6785:23	2139883	2237286	2	53976
7f000001:986a	6785:24	2180381	2316106	2	23649
7f000001:986a	6785:25	2308695	2357651	1	4266
7f000001:986a	6785:26	2391471	2400115	1	54371
7f000001:986a	6785:27	2494016	2509911	1	4303
7f000001:986a	6785:28	2581283	2584386	1	6987
7f000001:986a	6785:29	2654965	2664771	1	20418
7f000001:986a	6785:30	2794222	2799171	1	10766
7f000001:986a	6785:31	2955836	2960291	1	26985
7f000001:986a	6785:32	3052863	3057072	1	6808
7f000001:986a	6785:33	3126527	3129442	1	68352
7f000001:986a	6785:34	3161795	3226893	2	85002
7f000001:986a	6785:35	3225283	3366095	2	10753
7f000001:986a	6785:36	3285827	3422747	1	8672
7f000001:986a	6785:37	3438699	3485833	2	59057
7f000001:986a	6785:38	3483719	3546560	1	19523
7f000001:986a	6785:39	3547485	3593891	1	9151
7f000001:986a	6785:40	3613496	3614714	1	17807
7f000001:986a	6785:41	3687635	3688762	1	35905
7f000001:986a	6785:42	3765510	3769444	1	8622
7f000001:986a	6785:43	3779945	3834151	1	6344
7f000001:986a	6785:44	3866404	3894993	1	8381
7f000001:986a	6785:45	3992916	3997361	1	18266
7f000001:986a	6785:46	4087778	4091328	1	43102
7f000001:986a	6785:47	4160321	4165885	1	20049
7f000001:986a	6785:48	4224991	4235348	1	976
7f000001:986a	6785:49	4308544	4312335	1	9418
7f000001:986a	6785:50	4363563	4376525	1	28127
7f000001:986a	6785:51	4438611	4458554	1	3006
7f000001:986a	6785:52	4497218	4516668	1	11562
7f000001:986a	6785:53	4553275	4575761	1	3727
7f000001:986a	6785:54	4611046	4634999	1	23115
7f000001:986a	6785:55	4690743	4705959	1	7310
7f000001:986a	6785:56	4756219	4769258	1	2030
7f000001:986a	6785:57	4815286	4829259	1	32010
7f000001:986a	6785:58	4872024	4882910	1	3669
7f000001:986a	6785:59	4897260	4899569	1	1927
7f000001:986a	6785:60	4969224	4973228	1	79934
7f000001:986a	6785:61	5027164	5097898	2	6866
7f000001:986a	6785:62	5092023	5154263	1	610
7f000001:986a	6785:63	5217930	5221927	1	782
7f000001:986a	6785:64	5276959	5278718	1	13937
7f000001:986a	6785:65	5347967	5349062	1	2319
7f000001:986a	6785:66	5416537	5420732	1	43852
7f000001:986a	6785:67	5456448	5519347	2	14795
7f000001:986a	6785:68	5485427	5582431	2	15633
7f000001:986a	6785:69	5525766	5642272	2	11347
7f000001:986a	6785:70	5611936	5707199	2	6183
7f000001:986a	6785:71	5705090	5764159	1	4713
7f000001:986a	6785:72	5765876	5783092	1	36158
7f000001:986a	6785:73	5823105	5831283	1	19047
7f000001:986a	6785:74	5881837	5885152	1	1628
7f000001:986a	6785:75	5972897	5976049	1	14414
7f000001:986a	6785:76	6034518	6046034	1	10108
7f000001:986a	6785:77	6126145	6131454	1	51959
7f000001:986a	6785:78	6169467	6209717	1	23030
7f000001:986a	6785:79	6319783	6325883	1	14043
7f000001:986a	6785:80	6385516	6389260	1	9493
7f000001:986a	6785:81	6461918	6465871	1	11687
7f000001:986a	6785:82	6479710	6519910	1	39760
7f000001:986a	6785:83	6567979	6615179	1	18015
7f000001:986a	6785:84	6631304	6687028	1	8306
7f000001:986a	6785:85	6755550	6758499	1	992
7f000001:986a	6785:86	6829123	6832486	1	22751
7f000001:986a	6785:87	6893866	6897109	1	17261
7f000001:986a	6785:88	6972344	6975931	1	6200
7f000001:986a	6785:89	7034894	7038777	1	14639
7f000001:986a	6785:90	7104023	7109989	1	45728
7f000001:986a	6785:91	7160300	7217326	1	10371
7f000001:986a	6785:92	7233061	7287861	1	33731
7f000001:986a	6785:93	7297330	7365521	1	25595
7f000001:986a	6785:94	7379773	7423319	1	6967
7f000001:986a	6785:95	7426969	7487386	1	23066
7f000001:986a	6785:96	7517678	7567204	1	36696
7f000001:986a	6785:97	7582927	7642355	1	55744
7f000001:986a	6785:98	7659154	7746184	2	88025
7f000001:986a	6785:99	7718498	7856090	2	48413
7f000001:986a	6785:100	7796482	7922816	3	40156
7f000001:986a	6785:101	7918202	7992601	3	50445
7f000001:986a	6785:102	7919827	8032637	2	27420
7f000001:986a	6785:103	7990068	8056244	1	24787
7f000001:986a	6785:104	8066092	8090307	1	12111
7f000001:986a	6785:105	8134002	8196126	1	26540
7f000001:986a	6785:106	8216160	8276499	1	6079
7f000001:986a	6785:107	8288665	8299732	1	20866
7f000001:986a	6785:108	8354662	8360076	1	12681
7f000001:986a	6785:109	8426725	8432189	1	17143
7f000001:986a	6785:110	8501817	8506234	1	18127
7f000001:986a	6785:111	8545364	8580600	1	11448
7f000001:986a	6785:112	8617765	8648897	1	9788
7f000001:986a	6785:113	9912936	9931910	1	3010
7f000001:986a	6785:114	9995934	10001573	1	47376
7f000001:986a	6785:115	10163996	10168400	1	17989
7f000001:986a	6785:116	10225393	10245317	1	34438
7f000001:986a	6785:117	10291896	10334140	1	19198
7f000001:986a	6785:118	10387589	10407922	1	15482
7f000001:986a	6785:119	10458536	10479556	1	8147
7f000001:986a	6785:120	10623349	10627750	1	16282
7f000001:986a	6785:121	10649318	10665947	1	8485
7f000001:986a	6785:122	10754913	10758443	1	4681
7f000001:986a	6785:123	10950690	10957765	1	45274
7f000001:986a	6785:124	11014067	11017015	1	9022
7f000001:986a	6785:125	11091539	11095855	1	11668
7f000001:986a	6785:126	11241811	11247140	1	26315
7f000001:986a	6785:127	11361405	11365629	1	10066
7f000001:986a	6785:128	11425582	11433604	1	5810
7f000001:986a	6785:129	11462585	11496279	2	25085
7f000001:986a	6785:130	11485561	11564277	2	30905
7f000001:986a	6785:131	11546174	11631896	2	24773
7f000001:986a	6785:132	11613343	11675790	1	7395
7f000001:986a	6785:133	11677904	11741406	1	5953
7f000001:986a	6785:134	11790005	11806776	1	14895
7f000001:986a	6785:135	11875838	11881451	1	36797
7f000001:986a	6785:136	11942738	11975189	1	21657
7f000001:986a	6785:137	11978611	12042055	1	46298
7f000001:986a	6785:138	12098792	12138098	1	3978
7f000001:986a	6785:139	12176300	12181396	1	15897
7f000001:986a	6785:140	12222387	12245293	1	6265
7f000001:986a	6785:141	12392589	12397111	1	13966
7f000001:986a	6785:142	12446272	12469760	1	40538
7f000001:986a	6785:143	12574656	12579815	1	2544
7f000001:986a	6785:144	12634863	12639305	1	11357
7f000001:986a	6785:145	12717867	12722170	1	6540
7f000001:986a	6785:146	12850295	12854276	1	17857
7f000001:986a	6785:147	12964833	12970036	1	5426
7f000001:986a	6785:148	13092588	13096508	1	1177
7f000001:986a	6785:149	13174407	13180106	1	27541
7f000001:986a	6785:150	13218174	13239542	1	1823
7f000001:986a	6785:151	13300973	13304516	1	21843
7f000001:986a	6785:152	13397904	13400823	1	29900
7f000001:986a	6785:153	13479208	13483127	1	19277
7f000001:986a	6785:154	13625878	13631396	1	9019
7f000001:986a	6785:155	13688013	13690577	1	13847
7f000001:986a	6785:156	13764648	13767354	1	3423
7f000001:986a	6785:157	13825490	13829416	1	20028
7f000001:986a	6785:158	13882364	13907009	1	46096
7f000001:986a	6785:159	13976569	14000670	1	3156
7f000001:986a	6785:160	14034020	14058800	1	7434
7f000001:986a	6785:161	14065005	14120363	1	5976
7f000001:986a	6785:162	14169525	14173396	1	6695
7f000001:986a	6785:163	14211324	14236568	1	32253
7f000001:986a	6785:164	14240447	14323318	2	145735
7f000001:986a	6785:165	14308032	14472355	3	89547
7f000001:986a	6785:166	14369157	14577951	3	41346
7f000001:986a	6785:167	14449825	14635520	3	79055
7f000001:986a	6785:168	14555322	14724672	3	62953
7f000001:986a	6785:169	14599014	14783570	3	62834
7f000001:986a	6785:170	14679045	14878381	3	31442
7f000001:986a	6785:171	14746051	14951884	4	59471
7f000001:986a	6785:172	14807259	15010026	3	56239
7f000001:986a	6785:173	14898572	15075067	3	65527
7f000001:986a	6785:174	14922445	15154318	2	33825
7f000001:986a	6785:175	15061401	15286156	2	27669
7f000001:986a	6785:176	15165872	15378032	2	36478
7f000001:986a	6785:177	15316854	15426186	2	36251
7f000001:986a	6785:178	15392950	15511719	3	107892
7f000001:986a	6785:179	15428779	15577471	3	110173
7f000001:986a	6785:180	15454558	15731609	4	30327
7f000001:986a	6785:181	15552650	15790948	4	52404
7f000001:986a	6785:182	15591551	15858620	4	45116
7f000001:986a	6785:183	15651363	15929043	4	40693
7f000001:986a	6785:184	15735862	15988175	4	39269
7f000001:986a	6785:185	15801420	16068058	4	17483
7f000001:986a	6785:186	15869520	16128851	4	14091
7f000001:986a	6785:187	15941094	16155330	3	4459
7f000001:986a	6785:188	16036822	16214014	2	2762
7f000001:986a	6785:189	16128331	16240962	2	34508
7f000001:986a	6785:190	16214251	16273252	1	34020
7f000001:986a	6785:191	16299866	16320324	1	13308
7f000001:986a	6785:192	16362172	16388359	1	13527
7f000001:986a	6785:193	16426377	16455691	1	35918
7f000001:986a	6785:194	16536864	16545941	1	30054
7f000001:986a	6785:195	16642481	16645639	1	4465
7f000001:986a	6785:196	16763548	16767358	1	27129
7f000001:986a	6785:197	16835772	16840600	1	2184
7f000001:986a	6785:198	16901181	16903993	1	42824
7f000001:986a	6785:199	16964713	17000533	1	47347
7f000001:986a	6785:200	17047057	17102648	1	6062
7f000001:986a	6785:201	17108519	17154622	1	44898
7f000001:986a	6785:202	17166926	17296310	1	10493
7f000001:986a	6785:203	17406589	17476812	1	10109
7f000001:986a	6785:204	17550174	17554716	1	38191
7f000001:986a	6785:205	17615832	17648643	1	3421
7f000001:986a	6785:206	17655360	17706336	1	1017
7f000001:986a	6785:207	17742288	17763741	1	38331
7f000001:986a	6785:208	17821227	17828966	1	41519
7f000001:986a	6785:209	17911476	17914831	1	9934
7f000001:986a	6785:210	17999248	18003310	1	14394
7f000001:986a	6785:211	18081811	18085628	1	14843
7f000001:986a	6785:212	18099414	18167372	2	18931
7f000001:986a	6785:213	18161940	18232366	2	55618
7f000001:986a	6785:214	18224706	18302716	2	64701
7f000001:986a	6785:215	18297475	18400901	2	36588
7f000001:986a	6785:216	18360479	18454874	2	43867
7f000001:986a	6785:217	18444258	18487504	1	30335
7f000001:986a	6785:218	18531934	18554421	1	16137
7f000001:986a	6785:219	18595825	18626671	1	10745
7f000001:986a	6785:220	18666591	18693725	1	18238
7f000001:986a	6785:221	18748359	18767742	1	1558
7f000001:986a	6785:222	18786697	18825750	1	4868
7f000001:986a	6785:223	18876598	18886764	1	4189
7f000001:986a	6785:224	18924327	18947309	1	19078
7f000001:986a	6785:225	18996414	19022955	2	30924
7f000001:986a	6785:226	19014951	19106483	2	13446
7f000001:986a	6785:227	19055980	19161106	2	54559
7f000001:986a	6785:228	19128336	19230263	1	44888
7f000001:986a	6785:229	19249662	19333554	1	13610
7f000001:986a	6785:230	19349249	19404737	2	54333
7f000001:986a	6785:231	19402416	19468799	1	47337
7f000001:986a	6785:232	19503315	19569577	1	28231
7f000001:986a	6785:233	19593969	19652710	1	23216
7f000001:986a	6785:234	19662221	19730613	2	65071
7f000001:986a	6785:235	19721564	19824342	2	47644
7f000001:986a	6785:236	19796236	19904049	2	24834
7f000001:986a	6785:237	19896999	19980184	1	2336
7f000001:986a	6785:238	20017412	20036505	1	25345
7f000001:986a	6785:239	20083437	20115655	1	80388
7f000001:986a	6785:240	20154120	20271780	1	42354
7f000001:986a	6785:241	20307368	20397366	2	107341
7f000001:986a	6785:242	20364179	20466394	1	94979
7f000001:986a	6785:243	20476287	20618450	2	37949
7f000001:986a	6785:244	20594928	20687188	1	26234
7f000001:986a	6785:245	20730588	20770324	1	21267
7f000001:986a	6785:246	20787339	20849390	1	2441
7f000001:986a	6785:247	20851362	20907942	1	33502
7f000001:986a	6785:248	20935493	20997616	1	5693
7f000001:986a	6785:249	21004796	21058159	1	3996
7f000001:986a	6785:250	21065125	21116863	1	18422
7f000001:986a	6785:251	21162543	21169316	1	17081
7f000001:986a	6785:252	21228890	21235857	1	23246
7f000001:986a	6785:253	21316390	21320647	1	3693
7f000001:986a	6785:254	21395384	21399549	1	82487
7f000001:986a	6785:255	21451623	21537248	1	26850
7f000001:986a	6785:256	21563814	21619932	1	41652
7f000001:986a	6785:257	21627134	21716951	1	49360
7f000001:986a	6785:258	21738658	21823246	2	28799
7f000001:986a	6785:259	21807672	21879472	1	27893
7f000001:986a	6785:260	21898040	21935671	1	7007
7f000001:986a	6785:261	21967631	21999740	1	32271
7f000001:986a	6785:262	22038102	22088677	1	68683
7f000001:986a	6785:263	22091963	22214440	3	16944
7f000001:986a	6785:264	22124712	22278921	3	19237
7f000001:986a	6785:265	22162450	22337981	2	16839
7f000001:986a	6785:266	22255614	22402969	2	105973
7f000001:986a	6785:267	22360117	22468132	2	114719
7f000001:986a	6785:268	22419384	22587179	3	37159
7f000001:986a	6785:269	22481297	22659851	3	30877
7f000001:986a	6785:270	22563148	22725611	3	28754
7f000001:986a	6785:271	22631144	22787161	3	22391
7f000001:986a	6785:272	22691116	22852763	3	35604
7f000001:986a	6785:273	22763948	22916984	2	25686
7f000001:986a	6785:274	22836688	22973066	2	29305
7f000001:986a	6785:275	22939622	23052637	2	9499
7f000001:986a	6785:276	22998521	23113048	2	15450
7f000001:986a	6785:277	23054317	23155667	2	30270
7f000001:986a	6785:278	23119806	23221629	2	29674
7f000001:986a	6785:279	23211592	23277952	1	10076
7f000001:986a	6785:280	23308272	23344137	1	3436
7f000001:986a	6785:281	23401636	23403756	1	12053
7f000001:986a	6785:282	23479458	23487234	1	19612
7f000001:986a	6785:283	23550830	23552229	1	16600
7f000001:986a	6785:284	23613692	23623738	1	18611
7f000001:986a	6785:285	23670852	23697114	1	30408
7f000001:986a	6785:286	23798064	23801165	1	4649
7f000001:986a	6785:287	23862012	23865723	1	2198
7f000001:986a	6785:288	23948246	23953481	1	16600
7f000001:986a	6785:289	24004899	24008573	1	686
7f000001:986a	6785:290	24073028	24077273	1	66197
7f000001:986a	6785:291	24137554	24161034	1	6417
7f000001:986a	6785:292	24163975	24227371	1	5891
7f000001:986a	6785:293	24251773	24291271	1	8810
7f000001:986a	6785:294	24369854	24373790	1	9662
7f000001:986a	6785:295	24465199	24468849	1	19220
7f000001:986a	6785:296	24543304	24545579	1	12897
7f000001:986a	6785:297	24600914	24615214	1	1201
7f000001:986a	6785:298	24662501	24672824	1	14471
7f000001:986a	6785:299	24745936	24749469	1	7462
7f000001:986a	6785:300	24799820	24813336	1	20353
7f000001:986a	6785:301	24822080	24890136	1	771
7f000001:986a	6785:302	24930734	24946961	1	7359
7f000001:986a	6785:303	24989905	25009326	1	11755
7f000001:986a	6785:304	25106712	25109477	1	7124
7f000001:986a	6785:305	25164262	25167941	1	3092
7f000001:986a	6785:306	25228260	25238392	1	25617
7f000001:986a	6785:307	25309608	25312808	1	11567
7f000001:986a	6785:308	25464025	25466908	1	2235
7f000001:986a	6785:309	25529131	25531774	1	38921
7f000001:986a	6785:310	25575891	25626064	1	15863
7f000001:986a	6785:311	25634152	25700430	2	16347
7f000001:986a	6785:312	25699041	25755367	1	15740
7f000001:986a	6785:313	25762321	25788009	1	2626
7f000001:986a	6785:314	25817648	25824397	1	24790
7f000001:986a	6785:315	25893001	25896686	1	3979
7f000001:986a	6785:316	25961415	25964649	1	14986
7f000001:986a	6785:317	26025307	26029072	1	4339
7f000001:986a	6785:318	26117928	26121311	1	8931
7f000001:986a	6785:319	26171847	26175023	1	24549
7f000001:986a	6785:320	26268521	26271939	1	2503
7f000001:986a	6785:321	26380822	26384547	1	51287
7f000001:986a	6785:322	26494574	26498039	1	6238
7f000001:986a	6785:323	26569904	26574852	1	33988
7f000001:986a	6785:324	26621978	26664461	1	3432
7f000001:986a	6785:325	26716517	26722287	1	39696
7f000001:986a	6785:326	26803967	26807582	1	3227
7f000001:986a	6785:327	26923390	26926518	1	26050
7f000001:986a	6785:328	27018676	27021636	1	78960
7f000001:986a	6785:329	27136961	27156850	1	28015
7f000001:986a	6785:330	27222084	27227527	1	6729
7f000001:986a	6785:331	27363614	27367131	1	821
7f000001:986a	6785:332	27434793	27438733	1	3303
7f000001:986a	6785:333	27494766	27498747	1	20894
7f000001:986a	6785:334	27573160	27577347	1	41547
7f000001:986a	6785:335	27640922	27644717	1	3782
7f000001:986a	6785:336	27836010	27839116	1	4598
7f000001:986a	6785:337	27894336	27897505	1	35703
7f000001:986a	6785:338	27972407	27975705	1	12234
7f000001:986a	6785:339	28061426	28064353	1	37552
7f000001:986a	6785:340	28144065	28154432	1	7825
7f000001:986a	6785:341	28243966	28247926	1	7730
7f000001:986a	6785:342	28311460	28314306	1	18433
7f000001:986a	6785:343	28373043	28390433	1	3646
7f000001:986a	6785:344	28454356	28459179	1	46042
7f000001:986a	6785:345	28546273	28550936	1	6405
7f000001:986a	6785:346	28601435	28613692	1	38521
7f000001:986a	6785:347	28671146	28675708	1	133104
7f000001:986a	6785:348	28729146	28866080	2	30586
7f000001:986a	6785:349	28817314	28937645	2	14678
7f000001:986a	6785:350	28889966	29007835	2	10820
7f000001:986a	6785:351	28961211	29062992	2	41679
7f000001:986a	6785:352	29024161	29129174	2	53741
7f000001:986a	6785:353	29088138	29212746	2	68561
7f000001:986a	6785:354	29155268	29292924	2	84979
7f000001:986a	6785:355	29236172	29395057	3	68430
7f000001:986a	6785:356	29355213	29476752	3	34368
7f000001:986a	6785:357	29378370	29536738	2	28945
7f000001:986a	6785:358	29468417	29611549	3	46639
7f000001:986a	6785:359	29548245	29673010	2	41442
7f000001:986a	6785:360	29604034	29728299	2	38011
7f000001:986a	6785:361	29680765	29799983	2	7768
7f000001:986a	6785:362	29742080	29865483	2	20804
7f000001:986a	6785:363	29819276	29921253	2	85024
7f000001:986a	6785:364	29873664	29997131	2	147963
7f000001:986a	6785:365	29939783	30088198	1	83526
7f000001:986a	6785:366	30096299	30220137	2	42080
7f000001:986a	6785:367	30186766	30309680	2	24726
7f000001:986a	6785:368	30256489	30363187	1	21007
7f000001:986a	6785:369	30372773	30438680	2	52608
7f000001:986a	6785:370	30429842	30526463	2	38961
7f000001:986a	6785:371	30506911	30589228	1	29451
7f000001:986a	6785:372	30596621	30663724	1	51482
7f000001:986a	6785:373	30673951	30771226	2	20093
7f000001:986a	6785:374	30733322	30839303	2	14540
7f000001:986a	6785:375	30817169	30902892	2	23711
7f000001:986a	6785:376	30842239	30923346	1	17101
7f000001:986a	6785:377	30930697	30991697	1	27369
7f000001:986a	6785:378	31013163	31054488	1	47970
7f000001:986a	6785:379	31085020	31160736	1	3155
7f000001:986a	6785:380	31175448	31221100	1	15972
7f000001:986a	6785:381	31227388	31279156	1	35614
7f000001:986a	6785:382	31310268	31370861	2	16059
7f000001:986a	6785:383	31367193	31420597	1	878
7f000001:986a	6785:384	31435121	31448586	1	38176
7f000001:986a	6785:385	31559246	31562752	1	26232
7f000001:986a	6785:386	31591210	31644270	2	59651
7f000001:986a	6785:387	31625655	31722578	2	105630
7f000001:986a	6785:388	31705206	31786132	3	99660
7f000001:986a	6785:389	31747700	31895246	4	61392
7f000001:986a	6785:390	31770560	31931812	4	42215
7f000001:986a	6785:391	31802138	31972632	3	38247
7f000001:986a	6785:392	31876262	31999722	2	27911
7f000001:986a	6785:393	31930473	32033772	2	23736
7f000001:986a	6785:394	32010901	32079446	1	15416
7f000001:986a	6785:395	32088513	32152576	2	29504
7f000001:986a	6785:396	32148224	32221821	2	32680
7f000001:986a	6785:397	32219507	32295392	2	18863
7f000001:986a	6785:398	32280620	32363789	2	13410
7f000001:986a	6785:399	32360212	32424786	2	20385
7f000001:986a	6785:400	32418947	32488520	2	19989
7f000001:986a	6785:401	32482931	32571323	3	50071
7f000001:986a	6785:402	32546515	32638016	2	42430
7f000001:986a	6785:403	32570300	32709724	2	38410
7f000001:986a	6785:404	32644993	32779268	2	47282
7f000001:986a	6785:405	32717287	32811754	2	48680
7f000001:986a	6785:406	32780986	32898495	2	24150
7f000001:986a	6785:407	32842317	32968556	2	19679
7f000001:986a	6785:408	32903893	33033581	2	31019
7f000001:986a	6785:409	32997312	33098115	1	21564
7f000001:986a	6785:410	33124280	33157073	1	5146
7f000001:986a	6785:411	33170649	33218889	1	30
7f000001:986a	6785:412	33271513	33274476	1	7052
7f000001:986a	6785:413	33313496	33335645	1	98210
7f000001:986a	6785:414	33395844	33473316	2	19881
7f000001:986a	6785:415	33464683	33529492	1	19360
7f000001:986a	6785:416	33541066	33603015	1	9726
7f000001:986a	6785:417	33678346	33681958	1	19235
7f000001:986a	6785:418	33792527	33800360	1	2138
7f000001:986a	6785:419	33849262	33857708	1	12991
7f000001:986a	6785:420	33934267	33938243	1	33927
7f000001:986a	6785:421	33998905	34002765	1	4775
7f000001:986a	6785:422	34066487	34070553	1	15077
7f000001:986a	6785:423	34122799	34127822	1	11752
7f000001:986a	6785:424	34245726	34249785	1	8715
7f000001:986a	6785:425	34309427	34312405	1	34331
7f000001:986a	6785:426	34378900	34382553	1	3651
7f000001:986a	6785:427	34451819	34455113	1	11030
7f000001:986a	6785:428	34527406	34531500	1	7538
7f000001:986a	6785:429	34611047	34615212	1	115312
7f000001:986a	6785:430	34677636	34785523	2	61942
7f000001:986a	6785:431	34747556	34866962	2	51174
7f000001:986a	6785:432	34809382	34946653	2	17701
7f000001:986a	6785:433	34884452	35018530	2	32504
7f000001:986a	6785:434	34972655	35075901	2	36033
7f000001:986a	6785:435	35055326	35155421	2	43356
7f000001:986a	6785:436	35113022	35216273	2	89452
7f000001:986a	6785:437	35171941	35307728	3	58935
7f000001:986a	6785:438	35234993	35415281	3	20526
7f000001:986a	6785:439	35290157	35471854	3	99395
7f000001:986a	6785:440	35364789	35534668	3	145940
7f000001:986a	6785:441	35430467	35603111	3	135355
7f000001:986a	6785:442	35516922	35713738	4	107581
7f000001:986a	6785:443	35600351	35790451	4	79397
7f000001:986a	6785:444	35653028	35814956	3	77247
7f000001:986a	6785:445	35712668	35902317	4	104525
7f000001:986a	6785:446	35784307	35976053	3	86967
7f000001:986a	6785:447	35820415	36055638	4	121554
7f000001:986a	6785:448	35890011	36110693	3	98298
7f000001:986a	6785:449	35987111	36211870	4	83016
7f000001:986a	6785:450	36049810	36324956	5	61878
7f000001:986a	6785:451	36115679	36392355	5	55126
7f000001:986a	6785:452	36180394	36454158	5	106935
7f000001:986a	6785:453	36230179	36529680	5	110011
7f000001:986a	6785:454	36287662	36578209	4	94201
7f000001:986a	6785:455	36391870	36625443	4	89826
7f000001:986a	6785:456	36434906	36647070	3	89114
7f000001:986a	6785:457	36471728	36741090	4	71500
7f000001:986a	6785:458	36589948	36787837	4	83641
7f000001:986a	6785:459	36652875	36853540	3	72676
7f000001:986a	6785:460	36693689	36909855	3	72560
7f000001:986a	6785:461	36785829	36985518	3	70884
7f000001:986a	6785:462	36860638	37075743	3	43925
7f000001:986a	6785:463	36925153	37134803	2	41516
7f000001:986a	6785:464	37056457	37230375	2	24700
7f000001:986a	6785:465	37148419	37293919	2	66652
7f000001:986a	6785:466	37231711	37368353	2	74001
7f000001:986a	6785:467	37310880	37438497	2	26690
7f000001:986a	6785:468	37377780	37521005	3	5590
7f000001:986a	6785:469	37446690	37578144	3	21837
7f000001:986a	6785:470	37507552	37637128	3	23056
7f000001:986a	6785:471	37558257	37695951	3	73502
7f000001:986a	6785:472	37583700	37768522	3	120295
7f000001:986a	6785:473	37644636	37828610	3	153663
7f000001:986a	6785:474	37730866	37936433	3	128610
7f000001:986a	6785:475	37774665	38048439	4	77274
7f000001:986a	6785:476	37851350	38105258	3	39960
7f000001:986a	6785:477	37944037	38169879	3	47858
7f000001:986a	6785:478	38047514	38218520	3	100857
7f000001:986a	6785:479	38114378	38252738	3	164860
7f000001:986a	6785:480	38173895	38315797	3	136292
7f000001:986a	6785:481	38243903	38432414	3	83064
7f000001:986a	6785:482	38310949	38563353	4	130103
7f000001:986a	6785:483	38394411	38618038	4	143873
7f000001:986a	6785:484	38448444	38682163	4	137977
7f000001:986a	6785:485	38531156	38839484	3	66863
7f000001:986a	6785:486	38588667	38961095	5	59110
7f000001:986a	6785:487	38649581	39040331	5	49328
7f000001:986a	6785:488	38845315	39096186	4	46378
7f000001:986a	6785:489	38846379	39161992	4	76238
7f000001:986a	6785:490	38932612	39238037	5	176858
7f000001:986a	6785:491	38984092	39294819	4	174459
7f000001:986a	6785:492	39099653	39340264	4	176048
7f000001:986a	6785:493	39174833	39450171	4	124445
7f000001:986a	6785:494	39215583	39527401	5	133929
7f000001:986a	6785:495	39299108	39680255	6	88426
7f000001:986a	6785:496	39441116	39730845	5	75771
7f000001:986a	6785:497	39499281	39784412	5	79803
7f000001:986a	6785:498	39523132	39867254	5	110060
7f000001:986a	6785:499	39594987	39928751	5	109879
7f000001:986a	6785:500	39658721	40005727	5	100182
7f000001:986a	6785:501	39742713	40057824	5	84863
7f000001:986a	6785:502	39799686	40119903	5	115291
7f000001:986a	6785:503	39888616	40224768	6	73526
7f000001:986a	6785:504	39934008	40288804	5	70942
7f000001:986a	6785:505	40014977	40346772	5	94970
7f000001:986a	6785:506	40096406	40466505	5	110353
7f000001:986a	6785:507	40174798	40556012	5	85567
7f000001:986a	6785:508	40220805	40583476	4	76564
7f000001:986a	6785:509	40291381	40618445	5	148806
7f000001:986a	6785:510	40365079	40710713	4	115022
7f000001:986a	6785:511	40501303	40791211	4	102768
7f000001:986a	6785:512	40590248	40865701	4	152206
7f000001:986a	6785:513	40608653	40945443	3	126871
7f000001:986a	6785:514	40720371	41021277	2	67781
7f000001:986a	6785:515	40810758	41042784	1	59125
7f000001:986a	6785:516	41049408	41161309	2	8520
7f000001:986a	6785:517	41118859	41221958	3	40110
7f000001:986a	6785:518	41179417	41283281	2	33163
7f000001:986a	6785:519	41213985	41352051	2	87353
7f000001:986a	6785:520	41313924	41385886	1	66197
7f000001:986a	6785:521	41433668	41466155	1	8206
7f000001:986a	6785:522	41501203	41518935	1	16451
7f000001:986a	6785:523	41589830	41593753	1	15141
7f000001:986a	6785:524	41652401	41657007	1	31085
7f000001:986a	6785:525	41720809	41744895	1	12300
7f000001:986a	6785:526	41751894	41809670	1	19912
7f000001:986a	6785:527	41867964	41871125	1	1805
7f000001:986a	6785:528	41937150	41942651	1	654
7f000001:986a	6785:529	41990044	41993839	1	4367
7f000001:986a	6785:530	42065617	42069465	1	18527
7f000001:986a	6785:531	42126046	42129520	1	9632
7f000001:986a	6785:532	42217248	42240911	1	6439
7f000001:986a	6785:533	42315046	42320495	1	24919
7f000001:986a	6785:534	42406375	42409797	1	1894
7f000001:986a	6785:535	42464779	42470021	1	16607
7f000001:986a	6785:536	42505212	42508943	1	6005
7f000001:986a	6785:537	42630854	42635706	1	36516
7f000001:986a	6785:538	42707281	42711975	1	18312
7f000001:986a	6785:539	42752316	42785738	1	36279
7f000001:986a	6785:540	42821623	42877515	1	25187
7f000001:986a	6785:541	42882730	42957356	2	37929
7f000001:986a	6785:542	42939054	43048242	1	3008
7f000001:986a	6785:543	43053024	43107040	1	23778
7f000001:986a	6785:544	43123409	43170165	1	58389
7f000001:986a	6785:545	43241592	43288056	1	16210
7f000001:986a	6785:546	43322429	43362718	1	728
7f000001:986a	6785:547	43443392	43448071	1	5219
7f000001:986a	6785:548	43518749	43523091	1	19001
7f000001:986a	6785:549	43657732	43661403	1	769
7f000001:986a	6785:550	43730326	43733706	1	7340
7f000001:986a	6785:551	43803682	43808452	1	28334
7f000001:986a	6785:552	43850896	43880622	1	13965
7f000001:986a	6785:553	43946899	43950414	1	9777
7f000001:986a	6785:554	44010386	44019458	1	67799
7f000001:986a	6785:555	44082200	44141061	1	13494
7f000001:986a	6785:556	44173777	44212625	1	14681
7f000001:986a	6785:557	44247210	44284497	1	591
7f000001:986a	6785:558	44321345	44342144	1	5177
7f000001:986a	6785:559	44425298	44431582	1	35626
7f000001:986a	6785:560	44498208	44503548	1	19154
7f000001:986a	6785:561	44566512	44570549	1	25760
7f000001:986a	6785:562	44659480	44660806	1	7848
7f000001:986a	6785:563	44793368	44797674	1	65982
7f000001:986a	6785:564	44929308	44932362	1	45258
7f000001:986a	6785:565	44988961	44992117	1	20516
7f000001:986a	6785:566	45054978	45058357	1	18460
7f000001:986a	6785:567	45129552	45133219	1	29369
7f000001:986a	6785:568	45167094	45220745	1	107706
7f000001:986a	6785:569	45232591	45381235	1	4652
7f000001:986a	6785:570	45383611	45445502	1	9563
7f000001:986a	6785:571	45480887	45511644	1	20666
7f000001:986a	6785:572	45604463	45607712	1	291
7f000001:986a	6785:573	45697320	45700707	1	16414
7f000001:986a	6785:574	45762742	45769494	1	10147
7f000001:986a	6785:575	45839626	45843296	1	10781
7f000001:986a	6785:576	45892847	45916840	1	30140
7f000001:986a	6785:577	45954838	46005356	1	21943
7f000001:986a	6785:578	46014137	46034600	1	1991
7f000001:986a	6785:579	46075417	46079474	1	834
7f000001:986a	6785:580	46239792	46243887	1	19889
7f000001:986a	6785:581	46328680	46334198	1	4310
7f000001:986a	6785:582	46393508	46406077	1	1697
7f000001:986a	6785:583	46539932	46545605	1	8250
7f000001:986a	6785:584	46603488	46610176	1	2557
7f000001:986a	6785:585	46681756	46685840	1	785
7f000001:986a	6785:586	46749424	46753317	1	5589
7f000001:986a	6785:587	46842115	46846439	1	10225
7f000001:986a	6785:588	46908480	46912694	1	8800
7f000001:986a	6785:589	47042898	47046583	1	13898
7f000001:986a	6785:590	47137879	47140955	1	8665
7f000001:986a	6785:591	47226229	47231218	1	29226
7f000001:986a	6785:592	47289797	47317483	1	1205
7f000001:986a	6785:593	47362944	47372966	1	5306
7f000001:986a	6785:594	47426103	47432416	1	1312
7f000001:986a	6785:595	47493732	47497908	1	3110
7f000001:986a	6785:596	47587716	47592131	1	62591
7f000001:986a	6785:597	47654766	47710743	1	52175
7f000001:986a	6785:598	47715997	47799925	2	9607
7f000001:986a	6785:599	47756319	47826337	1	2430
7f000001:986a	6785:600	47828372	47884750	1	33211
7f000001:986a	6785:601	47895129	47937924	1	50938
7f000001:986a	6785:602	47959599	48046449	2	43586
7f000001:986a	6785:603	48022413	48136708	2	14110
7f000001:986a	6785:604	48054521	48154096	1	6628
7f000001:986a	6785:605	48160431	48245525	1	58174
7f000001:986a	6785:606	48506256	48524149	1	26230
7f000001:986a	6785:607	48577720	48584787	1	28858
7f000001:986a	6785:608	48682960	48687470	1	3198
7f000001:986a	6785:609	48909062	48912394	1	57075
7f000001:986a	6785:610	48976171	49024093	1	6313
7f000001:986a	6785:611	49042371	49091046	1	47055
7f000001:986a	6785:612	49110829	49157997	1	11043
7f000001:986a	6785:613	49221428	49226841	1	6146
7f000001:986a	6785:614	49319422	49323470	1	2011
7f000001:986a	6785:615	49390926	49395005	1	3189
7f000001:986a	6785:616	49476673	49484113	1	15182
7f000001:986a	6785:617	49493299	49554953	1	64089
7f000001:986a	6785:618	49564901	49674988	2	26294
7f000001:986a	6785:619	49634219	49741344	2	18140
7f000001:986a	6785:620	49693973	49815551	2	9095
7f000001:986a	6785:621	49745810	49856059	2	12248
7f000001:986a	6785:622	49851490	49892587	1	4918
7f000001:986a	6785:623	49917364	49921946	1	18535
7f000001:986a	6785:624	49985394	49997002	1	1396
7f000001:986a	6785:625	50065734	50069006	1	17211
7f000001:986a	6785:626	50122087	50128145	1	20045
7f000001:986a	6785:627	50173486	50204975	1	16653
7f000001:986a	6785:628	50235116	50278770	1	7515
7f000001:986a	6785:629	50344406	50347418	1	30567
7f000001:986a	6785:630	50413924	50433451	1	4682
7f000001:986a	6785:631	50511141	50515252	1	7553
7f000001:986a	6785:632	50606590	50611419	1	156499
7f000001:986a	6785:633	50673190	50786209	2	18058
7f000001:986a	6785:634	50745277	50845212	2	17087
7f000001:986a	6785:635	50791355	50912590	2	5082
7f000001:986a	6785:636	50874978	50971160	2	15543
7f000001:986a	6785:637	50924858	51029029	2	23418
7f000001:986a	6785:638	50998029	51095405	2	39803
7f000001:986a	6785:639	51065327	51156343	2	46280
7f000001:986a	6785:640	51116788	51288014	2	55635
7f000001:986a	6785:641	51167882	51378638	2	71207
7f000001:986a	6785:642	51362578	51437041	2	40427
7f000001:986a	6785:643	51423755	51479975	2	12268
7f000001:986a	6785:644	51473398	51517612	2	20914
7f000001:986a	6785:645	51488834	51542856	2	175266
7f000001:986a	6785:646	51534335	51595699	1	159882
7f000001:986a	6785:647	51643683	51811431	1	4238
7f000001:986a	6785:648	51872283	51875258	1	2673
7f000001:986a	6785:649	51901388	51909419	1	9882
7f000001:986a	6785:650	51982103	51987875	1	67752
7f000001:986a	6785:651	52058820	52113201	1	7151
7f000001:986a	6785:652	52119975	52157644	1	34775
7f000001:986a	6785:653	52219103	52250133	1	14992
7f000001:986a	6785:654	52287087	52298736	1	31691
7f000001:986a	6785:655	52356397	52387393	1	29757
7f000001:986a	6785:656	52427190	52468167	1	19107
7f000001:986a	6785:657	52481431	52543443	2	19994
7f000001:986a	6785:658	52515305	52609404	1	667
7f000001:986a	6785:659	52619440	52666035	2	89847
7f000001:986a	6785:660	52658030	52737641	2	99341
7f000001:986a	6785:661	52699840	52865759	2	83914
7f000001:986a	6785:662	52861563	52901190	1	58114
7f000001:986a	6785:663	52999062	53002519	1	72709
7f000001:986a	6785:664	53056697	53095779	1	4835
7f000001:986a	6785:665	53125623	53169379	2	61008
7f000001:986a	6785:666	53167545	53217411	1	33984
7f000001:986a	6785:667	53226969	53289966	1	7678
7f000001:986a	6785:668	53300342	53346676	1	30967
7f000001:986a	6785:669	53380422	53432582	1	47489
7f000001:986a	6785:670	53463803	53498782	1	2764
7f000001:986a	6785:671	53552986	53556007	1	72345
7f000001:986a	6785:672	53619691	53669792	2	11020
7f000001:986a	6785:673	53654940	53733380	2	17621
7f000001:986a	6785:674	53680413	53791982	2	32585
7f000001:986a	6785:675	53738609	53859616	2	53752
7f000001:986a	6785:676	53813712	53933233	2	46817
7f000001:986a	6785:677	53881860	53994883	2	17602
7f000001:986a	6785:678	53979281	54063816	2	42597
7f000001:986a	6785:679	54052355	54124089	1	36853
7f000001:986a	6785:680	54127140	54220011	2	51426
7f000001:986a	6785:681	54209657	54307369	2	40318
7f000001:986a	6785:682	54298046	54382592	1	19583
7f000001:986a	6785:683	54436943	54456692	1	5569
7f000001:986a	6785:684	54510043	54518234	1	33263
7f000001:986a	6785:685	54580579	54607168	1	102864
7f000001:986a	6785:686	54708680	54765408	1	35568
7f000001:986a	6785:687	54869166	54873164	1	23042
7f000001:986a	6785:688	54931225	54934768	1	16418
7f000001:986a	6785:689	55041126	55044570	1	12620
7f000001:986a	6785:690	55105010	55111331	1	17833
7f000001:986a	6785:691	55171051	55174614	1	15149
7f000001:986a	6785:692	55253417	55257588	1	10592
7f000001:986a	6785:693	55420131	55423379	1	4142
7f000001:986a	6785:694	55522377	55525654	1	10196
7f000001:986a	6785:695	55567253	55576617	1	2677
7f000001:986a	6785:696	55629017	55632176	1	18902
7f000001:986a	6785:697	55686808	55706160	1	30787
7f000001:986a	6785:698	55711702	55792292	2	47409
7f000001:986a	6785:699	55773940	55873928	2	24789
7f000001:986a	6785:700	55854042	55941912	2	17204
7f000001:986a	6785:701	55938967	56003575	2	32050
7f000001:986a	6785:702	55997097	56060960	2	21861
7f000001:986a	6785:703	56059071	56094288	1	3081
7f000001:986a	6785:704	56120491	56138436	1	553
7f000001:986a	6785:705	56164134	56168005	1	5154
7f000001:986a	6785:706	56246343	56250754	1	23289
7f000001:986a	6785:707	56346816	56351515	1	676
7f000001:986a	6785:708	56406746	56414322	1	26698
7f000001:986a	6785:709	56470980	56497050	1	28538
7f000001:986a	6785:710	56531747	56580974	1	5727
7f000001:986a	6785:711	56651478	56656141	1	7715
7f000001:986a	6785:712	56724784	56727684	1	21339
7f000001:986a	6785:713	56748749	56805477	1	2020
7f000001:986a	6785:714	56822660	56862366	1	2879
7f000001:986a	6785:715	56889873	56892981	1	55054
7f000001:986a	6785:716	56958376	56989327	1	9732
7f000001:986a	6785:717	57031731	57034469	1	7782
7f000001:986a	6785:718	57241662	57247332	1	17842
7f000001:986a	6785:719	57313581	57316818	1	3565
7f000001:986a	6785:720	57402564	57406244	1	1577
7f000001:986a	6785:721	57474569	57476772	1	5353
7f000001:986a	6785:722	57563368	57568069	1	3223
7f000001:986a	6785:723	57585451	57589289	1	39735
7f000001:986a	6785:724	57706515	57709712	1	13403
7f000001:986a	6785:725	57762093	57765889	1	442
7f000001:986a	6785:726	57859228	57862293	1	14187
7f000001:986a	6785:727	57928857	57934482	1	18213
7f000001:986a	6785:728	57989144	57993803	1	11865
7f000001:986a	6785:729	58044851	58060262	1	16187
7f000001:986a	6785:730	58127510	58131249	1	11506
7f000001:986a	6785:731	58176058	58180010	1	44934
7f000001:986a	6785:732	58282809	58287226	1	48680
7f000001:986a	6785:733	58334415	58392271	1	33977
7f000001:986a	6785:734	58411464	58482258	1	22896
7f000001:986a	6785:735	58565334	58568527	1	2557
7f000001:986a	6785:736	58663645	58668132	1	9268
7f000001:986a	6785:737	58716184	58734310	1	14734
7f000001:986a	6785:738	58797707	58801220	1	19505
7f000001:986a	6785:739	58867433	58875886	1	10397
7f000001:986a	6785:740	58915887	58941141	1	140
7f000001:986a	6785:741	58944074	58995916	1	37769
7f000001:986a	6785:742	59023735	59089106	1	29323
7f000001:986a	6785:743	59091124	59171158	3	57767
7f000001:986a	6785:744	59139720	59234807	3	60859
7f000001:986a	6785:745	59170293	59295059	2	57836
7f000001:986a	6785:746	59210928	59373907	2	36056
7f000001:986a	6785:747	59299660	59423312	2	58196
7f000001:986a	6785:748	59384048	59489022	2	50974
7f000001:986a	6785:749	59451472	59556260	2	7427
7f000001:986a	6785:750	59495011	59615403	2	12979
7f000001:986a	6785:751	59562244	59675259	2	27642
7f000001:986a	6785:752	59644716	59738596	1	19077
7f000001:986a	6785:753	59755696	59802684	1	1857
7f000001:986a	6785:754	59810779	59861319	1	5857
7f000001:986a	6785:755	59885756	59921779	1	8584
7f000001:986a	6785:756	59943739	59984504	1	50854
7f000001:986a	6785:757	60007428	60057419	1	29917
7f000001:986a	6785:758	60099799	60103910	1	20662
7f000001:986a	6785:759	60170485	60174661	1	47550
7f000001:986a	6785:760	60229961	60243006	1	23353
7f000001:986a	6785:761	60327020	60330447	1	8993
7f000001:986a	6785:762	60389302	60393635	1	10149
7f000001:986a	6785:763	60492709	60495938	1	1053
7f000001:986a	6785:764	60530387	60534600	1	78664
7f000001:986a	6785:765	60562712	60669191	4	87623
7f000001:986a	6785:766	60592007	60770643	3	41984
7f000001:986a	6785:767	60617908	60837709	3	37221
7f000001:986a	6785:768	60665137	60922290	3	17714
7f000001:986a	6785:769	60778396	60938987	2	15248
7f000001:986a	6785:770	60853335	61001883	2	27943
7f000001:986a	6785:771	60942464	61064772	2	57885
7f000001:986a	6785:772	61007878	61139424	2	94946
7f000001:986a	6785:773	61080580	61222015	2	96559
7f000001:986a	6785:774	61165505	61338485	2	46103
7f000001:986a	6785:775	61276458	61430056	2	22717
7f000001:986a	6785:776	61354532	61499011	2	83002
7f000001:986a	6785:777	61443865	61571101	1	66817
7f000001:986a	6785:778	61574835	61689086	2	16354
7f000001:986a	6785:779	61639701	61728854	2	10658
7f000001:986a	6785:780	61711972	61750607	1	4639
7f000001:986a	6785:781	61767494	61802915	1	16532
7f000001:986a	6785:782	61824743	61846148	1	10354
7f000001:986a	6785:783	61893981	61912562	1	25740
7f000001:986a	6785:784	61971884	61993851	1	3158
7f000001:986a	6785:785	62028571	62051630	1	44152
7f000001:986a	6785:786	62103524	62139916	1	22778
7f000001:986a	6785:787	62160497	62218190	1	26030
7f000001:986a	6785:788	62239871	62300008	1	52500
7f000001:986a	6785:789	62334315	62400839	1	489
7f000001:986a	6785:790	62434484	62455317	1	14652
7f000001:986a	6785:791	62500930	62508025	1	8308
7f000001:986a	6785:792	62560018	62571777	1	57521
7f000001:986a	6785:793	62630480	62684455	1	547
7f000001:986a	6785:794	62701852	62740464	1	7725
7f000001:986a	6785:795	62745996	62802170	1	26275
7f000001:986a	6785:796	62825273	62882308	1	11766
7f000001:986a	6785:797	62892429	62937398	1	4105
7f000001:986a	6785:798	63008149	63014519	1	18507
7f000001:986a	6785:799	63120934	63125180	1	9209
7f000001:986a	6785:800	63215577	63232084	1	55253
7f000001:986a	6785:801	63280048	63318154	1	5123
7f000001:986a	6785:802	63360807	63365054	1	30271
7f000001:986a	6785:803	63460120	63464232	1	3171
7f000001:986a	6785:804	63555679	63559297	1	19558
7f000001:986a	6785:805	63618682	63622675	1	13732
7f000001:986a	6785:806	63646476	63693228	1	12836
7f000001:986a	6785:807	63761141	63762404	1	4903
7f000001:986a	6785:808	63830143	63834001	1	3044
7f000001:986a	6785:809	63896839	63901124	1	28922
7f000001:986a	6785:810	63967733	63972217	1	15157
7f000001:986a	6785:811	64042265	64045552	1	90404
7f000001:986a	6785:812	64166356	64170136	1	31155
7f000001:986a	6785:813	64221281	64257309	1	34853
7f000001:986a	6785:814	64270316	64347617	2	4837
7f000001:986a	6785:815	64319079	64405897	3	35454
7f000001:986a	6785:816	64353543	64465084	2	32375
7f000001:986a	6785:817	64402909	64531529	2	28098
7f000001:986a	6785:818	64468876	64601362	2	64164
7f000001:986a	6785:819	64573837	64624807	1	56375
7f000001:986a	6785:820	64675193	64724318	1	62143
7f000001:986a	6785:821	64748493	64818700	1	1880
7f000001:986a	6785:822	64823977	64873549	1	6396
7f000001:986a	6785:823	64889787	64935836	1	37448
7f000001:986a	6785:824	64940892	65027593	2	57886
7f000001:986a	6785:825	64987187	65095459	2	44096
7f000001:986a	6785:826	65033616	65155617	2	3469
7f000001:986a	6785:827	65124668	65215374	1	1217
7f000001:986a	6785:828	65220659	65238551	1	824
7f000001:986a	6785:829	65345175	65349499	1	6818
7f000001:986a	6785:830	65407299	65411032	1	1623
7f000001:986a	6785:831	65481355	65484369	1	3148
7f000001:986a	6785:832	65547673	65551706	1	32218
7f000001:986a	6785:833	65619780	65623683	1	28866
7f000001:986a	6785:834	65686068	65690623	1	16779
7f000001:986a	6785:835	65750366	65754057	1	1438
7f000001:986a	6785:836	65828293	65833181	1	3045
7f000001:986a	6785:837	65891248	65894754	1	60751
7f000001:986a	6785:838	65962379	65992738	1	12559
7f000001:986a	6785:839	66066509	66071878	1	35428
7f000001:986a	6785:840	66123193	66160254	1	10521
7f000001:986a	6785:841	66223089	66226585	1	2127
7f000001:986a	6785:842	66306225	66309589	1	16982
7f000001:986a	6785:843	66361564	66381484	1	10602
7f000001:986a	6785:844	66443158	66446313	1	899
7f000001:986a	6785:845	66510449	66513301	1	26725
7f000001:986a	6785:846	66541378	66574909	1	2830
7f000001:986a	6785:847	66647975	66651568	1	21162
7f000001:986a	6785:848	66781511	66784966	1	21945
7f000001:986a	6785:849	66845825	66861709	1	1135
7f000001:986a	6785:850	66911195	66917048	1	2577
7f000001:986a	6785:851	66975828	66979713	1	28308
7f000001:986a	6785:852	67037417	67047668	1	6672
7f000001:986a	6785:853	67130110	67133637	1	22609
7f000001:986a	6785:854	67223887	67232538	1	14166
7f000001:986a	6785:855	67269953	67288299	1	29215
7f000001:986a	6785:856	67350212	67359677	1	4804
7f000001:986a	6785:857	67454031	67457603	1	11318
7f000001:986a	6785:858	67557556	67561574	1	584
7f000001:986a	6785:859	67665332	67669501	1	10161
7f000001:986a	6785:860	67709922	67717940	1	15706
7f000001:986a	6785:861	67776542	67777936	1	4330
7f000001:986a	6785:862	67861693	67865700	1	370
7f000001:986a	6785:863	67973435	67984263	1	18744
7f000001:986a	6785:864	68063674	68066979	1	6140
7f000001:986a	6785:865	68154647	68161951	1	50172
7f000001:986a	6785:866	68232749	68273017	1	31025
7f000001:986a	6785:867	68311454	68343888	1	20850
7f000001:986a	6785:868	68352052	68421997	2	44209
7f000001:986a	6785:869	68420879	68486379	1	34486
7f000001:986a	6785:870	68538817	68574940	1	35627
7f000001:986a	6785:871	68626245	68653634	1	33124
7f000001:986a	6785:872	68672752	68731634	1	12267
7f000001:986a	6785:873	68740588	68762690	1	35540
7f000001:986a	6785:874	68816459	68855289	1	1775
7f000001:986a	6785:875	68881408	68914549	1	16422
7f000001:986a	6785:876	68948925	68988197	1	9073
7f000001:986a	6785:877	69040902	69053112	1	7276
7f000001:986a	6785:878	69066213	69116209	1	18444
7f000001:986a	6785:879	69176477	69180450	1	1399
7f000001:986a	6785:880	69293550	69298407	1	17196
7f000001:986a	6785:881	69475258	69479150	1	5806
7f000001:986a	6785:882	69546702	69551664	1	21694
7f000001:986a	6785:883	69669650	69673653	1	11471
7f000001:986a	6785:884	69729425	69735002	1	5072
7f000001:986a	6785:885	69817390	69821960	1	56121
7f000001:986a	6785:886	69880886	69939817	2	39778
7f000001:986a	6785:887	69933811	70000695	1	2123
7f000001:986a	6785:888	70013731	70059890	1	92125
7f000001:986a	6785:889	70133641	70215018	2	35066
7f000001:986a	6785:890	70175891	70292751	3	30145
7f000001:986a	6785:891	70236161	70357412	3	74476
7f000001:986a	6785:892	70291745	70410789	2	50131
7f000001:986a	6785:893	70356624	70427845	1	47836
7f000001:986a	6785:894	70452733	70533126	1	51089
7f000001:986a	6785:895	70618080	70647771	1	17232
7f000001:986a	6785:896	70698375	70719821	1	65593
7f000001:986a	6785:897	70786374	70847032	2	65984
7f000001:986a	6785:898	70844706	70924576	2	48367
7f000001:986a	6785:899	70912950	70982175	1	22257
7f000001:986a	6785:900	71055926	71059811	1	16351
7f000001:986a	6785:901	71134785	71137051	1	172
7f000001:986a	6785:902	71175528	71181502	1	8914
7f000001:986a	6785:903	71233536	71235737	1	24941
7f000001:986a	6785:904	71317991	71323515	1	834
7f000001:986a	6785:905	71379294	71382817	1	11055
7f000001:986a	6785:906	71447100	71452599	1	39318
7f000001:986a	6785:907	71487423	71600631	1	25975
7f000001:986a	6785:908	71740572	71746834	1	2960
7f000001:986a	6785:909	71823638	71829743	1	22741
7f000001:986a	6785:910	72066479	72073217	1	18925
7f000001:986a	6785:911	72082167	72147475	1	16368
7f000001:986a	6785:912	72168473	72220265	1	1805
7f000001:986a	6785:913	72248673	72258051	1	4426
7f000001:986a	6785:914	72353507	72358574	1	25674
7f000001:986a	6785:915	72455203	72459469	1	29240
7f000001:986a	6785:916	72525252	72529494	1	13112
7f000001:986a	6785:917	72625641	72630024	1	23283
7f000001:986a	6785:918	72738253	72745246	1	43445
7f000001:986a	6785:919	72765009	72835828	1	4219
7f000001:986a	6785:920	72907240	72912438	1	47451
7f000001:986a	6785:921	72983976	72987583	1	2752
7f000001:986a	6785:922	73082066	73087056	1	27208
7f000001:986a	6785:923	73167599	73171359	1	26571
7f000001:986a	6785:924	73269825	73274186	1	13521
7f000001:986a	6785:925	73343207	73346078	1	56559
7f000001:986a	6785:926	73402255	73439080	1	22243
7f000001:986a	6785:927	73481114	73484008	1	22625
7f000001:986a	6785:928	73584685	73590885	1	51132
7f000001:986a	6785:929	73702364	73707457	1	17006
7f000001:986a	6785:930	73757083	73769335	1	27397
7f000001:986a	6785:931	73828580	73831862	1	52322
7f000001:986a	6785:932	73892685	73944929	1	2505
7f000001:986a	6785:933	73979570	74003513	1	1393
7f000001:986a	6785:934	74036727	74060538	1	306
7f000001:986a	6785:935	74099200	74102528	1	53413
7f000001:986a	6785:936	74235416	74239249	1	41164
7f000001:986a	6785:937	74292011	74336642	1	23339
7f000001:986a	6785:938	74380319	74409332	1	49328
7f000001:986a	6785:939	74452798	74513943	1	13734
7f000001:986a	6785:940	74537459	74582414	1	36432
7f000001:986a	6785:941	74606305	74675242	1	14255
7f000001:986a	6785:942	74684739	74749478	1	55418
7f000001:986a	6785:943	74751382	74826571	1	6208
7f000001:986a	6785:944	74866584	74875274	1	1301
7f000001:986a	6785:945	74953832	74958391	1	14074
7f000001:986a	6785:946	75065578	75071152	1	3982
7f000001:986a	6785:947	75140654	75144618	1	725
7f000001:986a	6785:948	75181547	75187717	1	960
7f000001:986a	6785:949	75236403	75245346	1	7195
7f000001:986a	6785:950	75315806	75330696	1	8938
7f000001:986a	6785:951	75377577	75381691	1	82796
7f000001:986a	6785:952	75445941	75521317	1	6915
7f000001:986a	6785:953	75542680	75585343	1	37741
7f000001:986a	6785:954	75604769	75680753	2	21068
7f000001:986a	6785:955	75678569	75712503	1	19036
7f000001:986a	6785:956	75795274	75801106	1	30549
7f000001:986a	6785:957	75823768	75887701	1	11748
7f000001:986a	6785:958	75918671	75955471	1	7443
7f000001:986a	6785:959	76011950	76018591	1	17356
7f000001:986a	6785:960	76052167	76056563	1	16000
7f000001:986a	6785:961	76131549	76137249	1	4034
7f000001:986a	6785:962	76233885	76239012	1	14578
7f000001:986a	6785:963	76306999	76311949	1	599
7f000001:986a	6785:964	76379752	76384827	1	7749
7f000001:986a	6785:965	76436464	76440076	1	19701
7f000001:986a	6785:966	76528857	76532223	1	16632
7f000001:986a	6785:967	76614989	76619015	1	49153
7f000001:986a	6785:968	76736160	76739984	1	6665
7f000001:986a	6785:969	76804119	76808491	1	1332
7f000001:986a	6785:970	76864574	76866513	1	2288
7f000001:986a	6785:971	76951652	76955799	1	7563
7f000001:986a	6785:972	77069910	77074781	1	32397
7f000001:986a	6785:973	77166417	77171046	1	18901
7f000001:986a	6785:974	77223592	77227803	1	12706
7f000001:986a	6785:975	77252392	77298097	1	13336
7f000001:986a	6785:976	77313339	77369119	1	6484
7f000001:986a	6785:977	77407806	77432859	1	27900
7f000001:986a	6785:978	77509901	77514682	1	43726
7f000001:986a	6785:979	77595014	77600832	1	8892
7f000001:986a	6785:980	77657924	77661041	1	2407
7f000001:986a	6785:981	77839366	77843847	1	44246
7f000001:986a	6785:982	77930727	77943581	1	18135
7f000001:986a	6785:983	78037056	78042356	1	15316
7f000001:986a	6785:984	78126365	78131770	1	16775
7f000001:986a	6785:985	78166218	78206979	1	6012
7f000001:986a	6785:986	78256216	78271690	1	6511
7f000001:986a	6785:987	78339112	78342786	1	16736
7f000001:986a	6785:988	78398655	78402941	1	8119
7f000001:986a	6785:989	78451109	78455003	1	4284
7f000001:986a	6785:990	78561564	78567000	1	9233
7f000001:986a	6785:991	78640148	78643676	1	34841
7f000001:986a	6785:992	78728562	78732460	1	8580
7f000001:986a	6785:993	78801143	78803841	1	11637
7f000001:986a	6785:994	78867602	78870517	1	8886
7f000001:986a	6785:995	78971947	78975493	1	11791
7f000001:986a	6785:996	79047592	79050839	1	30798
7f000001:986a	6785:997	79118614	79131995	1	3255
7f000001:986a	6785:998	79167700	79171896	1	3037
7f000001:986a	6785:999	79332410	79340145	1	6059
7f000001:986a	6785:1000	79415733	79420176	1	6703
7f000001:986a	6785:1001	79461568	79482717	1	9708
7f000001:986a	6785:1002	79543359	79547131	1	2008
7f000001:986a	6785:1003	79689932	79694874	1	20581
7f000001:986a	6785:1004	79765464	79770713	1	2779
7f000001:986a	6785:1005	79835425	79839185	1	5309
7f000001:986a	6785:1006	79903527	79905348	1	14472
7f000001:986a	6785:1007	79969146	79974126	1	3161
7f000001:986a	6785:1008	80084758	80088995	1	20157
7f000001:986a	6785:1009	80165495	80170543	1	2115
7f000001:986a	6785:1010	80367257	80376650	1	9801
7f000001:986a	6785:1011	80430846	80433980	1	12543
7f000001:986a	6785:1012	80451921	80502261	1	42707
7f000001:986a	6785:1013	80507926	80599212	2	23358
7f000001:986a	6785:1014	80567118	80671132	2	33462
7f000001:986a	6785:1015	80648416	80728373	1	26289
7f000001:986a	6785:1016	80735540	80808671	2	11450
7f000001:986a	6785:1017	80797142	80875051	2	4620
7f000001:986a	6785:1018	80872342	80917188	1	1396
7f000001:986a	6785:1019	80976132	80979051	1	39616
7f000001:986a	6785:1020	81032197	81048368	1	19726
7f000001:986a	6785:1021	81097734	81099919	1	23864
7f000001:986a	6785:1022	81169819	81174189	1	3325
7f000001:986a	6785:1023	81263688	81268007	1	118
7f000001:986a	6785:1024	81370516	81375527	1	11253
7f000001:986a	6785:1025	81429907	81435148	1	30460
7f000001:986a	6785:1026	81541650	81546054	1	21115
7f000001:986a	6785:1027	81627531	81630772	1	93696
7f000001:986a	6785:1028	81699156	81765257	1	39899
7f000001:986a	6785:1029	81769411	81817040	1	16265
7f000001:986a	6785:1030	81822062	81878156	1	8981
7f000001:986a	6785:1031	81898163	81948344	1	27853
7f000001:986a	6785:1032	81955837	82009739	1	10347
7f000001:986a	6785:1033	82082575	82085805	1	2827
7f000001:986a	6785:1034	82127967	82134082	1	23554
7f000001:986a	6785:1035	82317454	82322008	1	22087
7f000001:986a	6785:1036	82378818	82383797	1	1865
7f000001:986a	6785:1037	82451774	82456039	1	12364
7f000001:986a	6785:1038	82528674	82531850	1	4671
7f000001:986a	6785:1039	82565559	82589564	1	618
7f000001:986a	6785:1040	82655157	82659169	1	17032
7f000001:986a	6785:1041	82723006	82726620	1	12188
7f000001:986a	6785:1042	82788143	82795690	1	1243
7f000001:986a	6785:1043	82864586	82869099	1	28479
7f000001:986a	6785:1044	82968656	82972823	1	98357
7f000001:986a	6785:1045	83041679	83089720	1	1878
7f000001:986a	6785:1046	83115999	83147113	1	18517
7f000001:986a	6785:1047	83220060	83225407	1	1099
7f000001:986a	6785:1048	83233882	83286193	2	40117
7f000001:986a	6785:1049	83277413	83349177	3	44943
7f000001:986a	6785:1050	83310796	83419237	3	46289
7f000001:986a	6785:1051	83344578	83479608	3	56627
7f000001:986a	6785:1052	83376874	83564353	3	51523
7f000001:986a	6785:1053	83421146	83636324	3	46056
7f000001:986a	6785:1054	83515972	83705831	3	40488
7f000001:986a	6785:1055	83582853	83784102	4	36818
7f000001:986a	6785:1056	83643206	83849205	5	52317
7f000001:986a	6785:1057	83716733	83870718	4	43598
7f000001:986a	6785:1058	83744151	83926025	5	55657
7f000001:986a	6785:1059	83795686	83991598	4	49543
7f000001:986a	6785:1060	83821607	84061254	4	44932
7f000001:986a	6785:1061	83878521	84133508	4	66610
7f000001:986a	6785:1062	83913223	84206814	5	91002
7f000001:986a	6785:1063	84000912	84268120	6	102365
7f000001:986a	6785:1064	84060548	84326366	5	98730
7f000001:986a	6785:1065	84147486	84419697	6	69992
7f000001:986a	6785:1066	84165305	84473074	6	66737
7f000001:986a	6785:1067	84219682	84559915	6	39786
7f000001:986a	6785:1068	84250816	84622355	6	35194
7f000001:986a	6785:1069	84356539	84688258	6	25941
7f000001:986a	6785:1070	84376070	84745009	5	25385
7f000001:986a	6785:1071	84426580	84804952	5	42509
7f000001:986a	6785:1072	84516569	84870723	5	76544
7f000001:986a	6785:1073	84618485	84887523	5	102038
7f000001:986a	6785:1074	84681569	84941822	4	99589
7f000001:986a	6785:1075	84761840	85001276	4	220058
7f000001:986a	6785:1076	84822991	85082062	4	197859
7f000001:986a	6785:1077	84880626	85160301	3	155333
7f000001:986a	6785:1078	84944537	85209582	3	143066
7f000001:986a	6785:1079	85080944	85369328	4	95260
7f000001:986a	6785:1080	85166931	85426235	5	193002
7f000001:986a	6785:1081	85242295	85458193	4	175220
7f000001:986a	6785:1082	85314007	85507137	3	133533
7f000001:986a	6785:1083	85384047	85596866	5	111245
7f000001:986a	6785:1084	85424279	85676584	5	100838
7f000001:986a	6785:1085	85514186	85804645	6	70866
7f000001:986a	6785:1086	85548998	85860400	6	67075
7f000001:986a	6785:1087	85588285	85920459	6	100414
7f000001:986a	6785:1088	85657950	85977687	5	99814
7f000001:986a	6785:1089	85680373	86049686	5	106706
7f000001:986a	6785:1090	85728596	86096208	4	76982
7f000001:986a	6785:1091	85809023	86166069	5	123601
7f000001:986a	6785:1092	85878644	86220501	4	120149
7f000001:986a	6785:1093	85990950	86305499	5	132631
7f000001:986a	6785:1094	86100880	86379163	6	148952
7f000001:986a	6785:1095	86165094	86447156	6	112484
7f000001:986a	6785:1096	86226867	86526241	5	89978
7f000001:986a	6785:1097	86294365	86594020	7	111367
7f000001:986a	6785:1098	86308868	86644918	6	73337
7f000001:986a	6785:1099	86353725	86725157	6	52230
7f000001:986a	6785:1100	86446205	86791593	6	51198
7f000001:986a	6785:1101	86531424	86854691	5	45326
7f000001:986a	6785:1102	86566758	86881514	5	99320
7f000001:986a	6785:1103	86592103	86917906	5	97051
7f000001:986a	6785:1104	86705097	86974287	4	75229
7f000001:986a	6785:1105	86775836	87036382	4	83275
7f000001:986a	6785:1106	86856384	87087419	3	73903
7f000001:986a	6785:1107	86906927	87172287	4	61292
7f000001:986a	6785:1108	86982546	87237691	4	88609
7f000001:986a	6785:1109	87112324	87294673	4	110299
7f000001:986a	6785:1110	87164796	87344044	3	92278
7f000001:986a	6785:1111	87230961	87380844	3	74986
7f000001:986a	6785:1112	87289830	87469736	3	45659
7f000001:986a	6785:1113	87374468	87529047	2	11323
7f000001:986a	6785:1114	87454421	87560573	2	10294
7f000001:986a	6785:1115	87549583	87587136	1	5672
7f000001:986a	6785:1116	87613431	87649354	1	10209
7f000001:986a	6785:1117	87654706	87714473	1	34102
7f000001:986a	6785:1118	87753851	87798574	1	8269
7f000001:986a	6785:1119	87824859	87828739	1	18005
7f000001:986a	6785:1120	87904772	87907978	1	50601
7f000001:986a	6785:1121	88030672	88033617	1	8542
7f000001:986a	6785:1122	88115068	88119098	1	13876
7f000001:986a	6785:1123	88193966	88196809	1	19388
7f000001:986a	6785:1124	88327084	88333313	1	15544
7f000001:986a	6785:1125	88395876	88399342	1	7631
7f000001:986a	6785:1126	88464732	88468012	1	13227
7f000001:986a	6785:1127	88528760	88536709	1	8014
7f000001:986a	6785:1128	88587278	88590435	1	32347
7f000001:986a	6785:1129	88676484	88680004	1	37683
7f000001:986a	6785:1130	88729032	88780056	1	7282
7f000001:986a	6785:1131	88790873	88828650	1	12649
7f000001:986a	6785:1132	88889814	88897638	1	9336
7f000001:986a	6785:1133	88959444	88962290	1	12471
7f000001:986a	6785:1134	89014798	89029267	1	29339
7f000001:986a	6785:1135	89049091	89084545	1	5908
7f000001:986a	6785:1136	89143469	89146534	1	509
7f000001:986a	6785:1137	89237691	89241190	1	15746
7f000001:986a	6785:1138	89322076	89327362	1	5311
7f000001:986a	6785:1139	89394277	89397993	1	13643
7f000001:986a	6785:1140	89477701	89482850	1	9567
7f000001:986a	6785:1141	89555979	89558915	1	253
7f000001:986a	6785:1142	89676698	89682531	1	58289
7f000001:986a	6785:1143	89748878	89796672	1	3685
7f000001:986a	6785:1144	89810032	89855478	1	63230
7f000001:986a	6785:1145	89862623	89942089	3	99227
7f000001:986a	6785:1146	89891878	90025635	3	85380
7f000001:986a	6785:1147	89940322	90078729	3	87383
7f000001:986a	6785:1148	90013403	90168127	4	102276
7f000001:986a	6785:1149	90072145	90229710	3	87971
7f000001:986a	6785:1150	90127533	90291134	3	84743
7f000001:986a	6785:1151	90165506	90359786	4	94947
7f000001:986a	6785:1152	90241407	90484730	5	34555
7f000001:986a	6785:1153	90298263	90542430	5	85198
7f000001:986a	6785:1154	90331533	90600950	5	95188
7f000001:986a	6785:1155	90413224	90634249	4	72360
7f000001:986a	6785:1156	90473077	90677938	4	71880
7f000001:986a	6785:1157	90534780	90735747	4	65703
7f000001:986a	6785:1158	90595590	90844674	5	34613
7f000001:986a	6785:1159	90637752	90910847	5	48237
7f000001:986a	6785:1160	90684259	90968265	5	48200
7f000001:986a	6785:1161	90787231	91027174	4	45880
7f000001:986a	6785:1162	90813929	91104562	4	58758
7f000001:986a	6785:1163	90882920	91155148	4	67094
7f000001:986a	6785:1164	90930545	91228848	4	43506
7f000001:986a	6785:1165	91043436	91285562	3	42743
7f000001:986a	6785:1166	91119313	91378601	4	40396
7f000001:986a	6785:1167	91212927	91443534	3	31687
7f000001:986a	6785:1168	91290216	91500202	2	30846
7f000001:986a	6785:1169	91350641	91559093	2	42983
7f000001:986a	6785:1170	91512532	91638310	2	19862
7f000001:986a	6785:1171	91628141	91712854	1	739
7f000001:986a	6785:1172	91768359	91772539	1	35837
7f000001:986a	6785:1173	91877879	91881053	1	5852
7f000001:986a	6785:1174	91951520	91955305	1	1119
7f000001:986a	6785:1175	92012931	92015783	1	19660
7f000001:986a	6785:1176	92081505	92090815	1	1830
7f000001:986a	6785:1177	92145229	92150254	1	9716
7f000001:986a	6785:1178	92179587	92223635	1	40709
7f000001:986a	6785:1179	92231542	92320209	1	20182
7f000001:986a	6785:1180	92353988	92377715	1	94728
7f000001:986a	6785:1181	92427980	92495127	1	11369
7f000001:986a	6785:1182	92504605	92524371	1	5100
7f000001:986a	6785:1183	92576653	92581047	1	27927
7f000001:986a	6785:1184	92655663	92666095	1	16238
7f000001:986a	6785:1185	92735596	92740616	1	13681
7f000001:986a	6785:1186	92797872	92811107	1	4661
7f000001:986a	6785:1187	92875089	92881930	1	2864
7f000001:986a	6785:1188	92937125	92942462	1	13584
7f000001:986a	6785:1189	93009879	93013675	1	6907
7f000001:986a	6785:1190	93083866	93088668	1	22791
7f000001:986a	6785:1191	93212748	93217587	1	24851
7f000001:986a	6785:1192	93312334	93317004	1	4006
7f000001:986a	6785:1193	93338975	93374795	1	41351
7f000001:986a	6785:1194	93397772	93471148	1	4119
7f000001:986a	6785:1195	93488579	93530806	1	63296
7f000001:986a	6785:1196	93544081	93649520	2	76427
7f000001:986a	6785:1197	93619741	93766233	3	79008
7f000001:986a	6785:1198	93682694	93828826	3	89959
7f000001:986a	6785:1199	93742870	93928371	3	67752
7f000001:986a	6785:1200	93802745	93995496	3	69651
7f000001:986a	6785:1201	93836879	94079150	3	115832
7f000001:986a	6785:1202	93939443	94144940	3	100241
7f000001:986a	6785:1203	94034110	94227398	3	103439
7f000001:986a	6785:1204	94099504	94311846	3	35586
7f000001:986a	6785:1205	94168334	94365731	3	49665
7f000001:986a	6785:1206	94270792	94449655	3	37623
7f000001:986a	6785:1207	94347779	94509862	3	44314
7f000001:986a	6785:1208	94404077	94581201	3	85603
7f000001:986a	6785:1209	94455774	94653991	3	124128
7f000001:986a	6785:1210	94554919	94721071	2	113410
7f000001:986a	6785:1211	94625232	94835958	3	86117
7f000001:986a	6785:1212	94747420	94907988	3	56974
7f000001:986a	6785:1213	94807664	94986701	3	29170
7f000001:986a	6785:1214	94898168	95043610	3	99091
7f000001:986a	6785:1215	94959176	95125098	3	82454
7f000001:986a	6785:1216	95035398	95154402	2	81377
7f000001:986a	6785:1217	95106563	95284299	3	69238
7f000001:986a	6785:1218	95208285	95350478	2	59405
7f000001:986a	6785:1219	95282567	95417768	2	69692
7f000001:986a	6785:1220	95365328	95487629	2	26274
7f000001:986a	6785:1221	95459729	95564123	2	10202
7f000001:986a	6785:1222	95522598	95626991	1	3568
7f000001:986a	6785:1223	95634365	95685928	1	3769
7f000001:986a	6785:1224	95724248	95745091	1	6562
7f000001:986a	6785:1225	95790812	95794129	1	13802
7f000001:986a	6785:1226	95816990	95863200	2	66661
7f000001:986a	6785:1227	95855364	95945176	1	2619
7f000001:986a	6785:1228	95950521	96005835	2	54020
7f000001:986a	6785:1229	95973210	96091855	3	86923
7f000001:986a	6785:1230	96025663	96160036	2	78197
7f000001:986a	6785:1231	96062810	96272082	3	23817
7f000001:986a	6785:1232	96170121	96331739	2	21995
7f000001:986a	6785:1233	96264384	96389828	2	57125
7f000001:986a	6785:1234	96339484	96441776	2	85212
7f000001:986a	6785:1235	96404531	96487876	2	54812
7f000001:986a	6785:1236	96487041	96556750	2	12089
7f000001:986a	6785:1237	96546743	96602319	1	6285
7f000001:986a	6785:1238	96619862	96665521	1	823
7f000001:986a	6785:1239	96696800	96720160	1	3324
7f000001:986a	6785:1240	96725127	96737581	1	570
7f000001:986a	6785:1241	96813885	96819008	1	15714
7f000001:986a	6785:1242	96978473	96982680	1	1845
7f000001:986a	6785:1243	97048789	97052022	1	24813
7f000001:986a	6785:1244	97224622	97227824	1	40461
7f000001:986a	6785:1245	97283580	97286948	1	19049
7f000001:986a	6785:1246	97396884	97400369	1	12713
7f000001:986a	6785:1247	97475568	97481364	1	31781
7f000001:986a	6785:1248	97551334	97552499	1	3890
7f000001:986a	6785:1249	97601492	97614822	2	59568
7f000001:986a	6785:1250	97611145	97710948	1	228
7f000001:986a	6785:1251	97725844	97731502	1	12887
7f000001:986a	6785:1252	97797146	97801176	1	1202
7f000001:986a	6785:1253	97875674	97879229	1	22698
7f000001:986a	6785:1254	97909248	97957665	1	4119
7f000001:986a	6785:1255	97999985	98018046	1	10852
7f000001:986a	6785:1256	98023703	98072036	1	13208
7f000001:986a	6785:1257	98166592	98171109	1	4505
7f000001:986a	6785:1258	98249550	98252637	1	19884
7f000001:986a	6785:1259	98333543	98337660	1	16227
7f000001:986a	6785:1260	98381229	98385903	1	75389
7f000001:986a	6785:1261	98398118	98513863	3	119591
7f000001:986a	6785:1262	98436696	98547007	3	128715
7f000001:986a	6785:1263	98457860	98633798	2	87716
7f000001:986a	6785:1264	98520107	98716905	3	49168
7f000001:986a	6785:1265	98637726	98791303	3	70755
7f000001:986a	6785:1266	98687070	98846759	3	76086
7f000001:986a	6785:1267	98766253	98893147	3	101324
7f000001:986a	6785:1268	98830878	99000305	4	94270
7f000001:986a	6785:1269	98892071	99062495	3	87676
7f000001:986a	6785:1270	98945557	99173052	3	39779
7f000001:986a	6785:1271	98989353	99240490	3	41597
7f000001:986a	6785:1272	99097480	99301586	2	18729
7f000001:986a	6785:1273	99216391	99323076	1	11024
7f000001:986a	6785:1274	99345346	99394304	1	31747
7f000001:986a	6785:1275	99514363	99518637	1	11864
7f000001:986a	6785:1276	99615948	99621150	1	3238
7f000001:986a	6785:1277	99719147	99723530	1	4964
7f000001:986a	6785:1278	99779056	99783314	1	53307
7f000001:986a	6785:1279	99836078	99895759	2	3722
7f000001:986a	6785:1280	99882708	99910511	2	4622
7f000001:986a	6785:1281	99903150	99969266	1	2325
7f000001:986a	6785:1282	100024011	100027724	1	21942
7f000001:986a	6785:1283	100163484	100168887	1	26087
7f000001:986a	6785:1284	100309143	100313585	1	14088
7f000001:986a	6785:1285	100358871	100379557	1	10690
7f000001:986a	6785:1286	100463373	100467807	1	473
7f000001:986a	6785:1287	100508064	100512559	1	25951
7f000001:986a	6785:1288	100545491	100556602	1	76652
7f000001:986a	6785:1289	100560933	100667522	2	9717
7f000001:986a	6785:1290	100637280	100711715	1	2787
7f000001:986a	6785:1291	100717773	100725380	1	15809
7f000001:986a	6785:1292	100741806	100795259	1	15157
7f000001:986a	6785:1293	100852872	100866158	1	7142
7f000001:986a	6785:1294	100906488	100929604	1	62510
7f000001:986a	6785:1295	100938000	101031670	2	88564
7f000001:986a	6785:1296	100982941	101157673	3	76523
7f000001:986a	6785:1297	101040138	101229887	3	65080
7f000001:986a	6785:1298	101099316	101348551	4	23494
7f000001:986a	6785:1299	101172617	101404920	4	41817
7f000001:986a	6785:1300	101242740	101462562	4	64597
7f000001:986a	6785:1301	101308736	101519131	4	63480
7f000001:986a	6785:1302	101377727	101541435	3	52079
7f000001:986a	6785:1303	101436792	101580832	3	42003
7f000001:986a	6785:1304	101515306	101662524	3	44486
7f000001:986a	6785:1305	101570929	101700896	2	37010
7f000001:986a	6785:1306	101645711	101767456	3	76412
7f000001:986a	6785:1307	101729108	101851304	3	75869
7f000001:986a	6785:1308	101766701	101919091	3	60216
7f000001:986a	6785:1309	101804706	101994369	2	37018
7f000001:986a	6785:1310	101895238	102056340	2	34478
7f000001:986a	6785:1311	102000655	102117659	1	24562
7f000001:986a	6785:1312	102118325	102157281	1	32614
7f000001:986a	6785:1313	102183270	102248691	1	1136
7f000001:986a	6785:1314	102295768	102304924	1	8426
7f000001:986a	6785:1315	102348885	102358655	1	10845
7f000001:986a	6785:1316	102437148	102443148	1	23675
7f000001:986a	6785:1317	102517445	102521119	1	1361
7f000001:986a	6785:1318	102562431	102572015	1	291
7f000001:986a	6785:1319	102681918	102686222	1	49448
7f000001:986a	6785:1320	102731811	102785619	1	31238
7f000001:986a	6785:1321	102791482	102875481	2	33958
7f000001:986a	6785:1322	102872445	102931448	1	4710
7f000001:986a	6785:1323	102931061	102947366	1	34249
7f000001:986a	6785:1324	103028843	103032406	1	14337
7f000001:986a	6785:1325	103081915	103087697	1	15482
7f000001:986a	6785:1326	103178963	103184294	1	6567
7f000001:986a	6785:1327	103243773	103249305	1	31467
7f000001:986a	6785:1328	103315999	103319915	1	47548
7f000001:986a	6785:1329	103431358	103437050	1	57196
7f000001:986a	6785:1330	103501248	103512069	1	310
7f000001:986a	6785:1331	103609087	103673919	1	57696
7f000001:986a	6785:1332	103760377	103821445	2	5329
7f000001:986a	6785:1333	103810226	103884002	2	31861
7f000001:986a	6785:1334	103879609	103918586	1	31358
7f000001:986a	6785:1335	104006601	104009673	1	16203
7f000001:986a	6785:1336	104089991	104095641	1	5228
7f000001:986a	6785:1337	104120261	104159282	1	2580
7f000001:986a	6785:1338	104182806	104220611	1	33579
7f000001:986a	6785:1339	104324120	104327802	1	8195
7f000001:986a	6785:1340	104392173	104396014	1	13954
7f000001:986a	6785:1341	104509946	104514112	1	5170
7f000001:986a	6785:1342	104585782	104589396	1	2583
7f000001:986a	6785:1343	104622838	104652423	1	40247
7f000001:986a	6785:1344	104675480	104734937	1	40554
7f000001:986a	6785:1345	104788692	104802749	1	6553
7f000001:986a	6785:1346	104869736	104874607	1	3735
7f000001:986a	6785:1347	104938556	104947416	1	17983
7f000001:986a	6785:1348	105012345	105021596	1	5317
7f000001:986a	6785:1349	105096738	105099772	1	19020
7f000001:986a	6785:1350	105184787	105188907	1	16349
7f000001:986a	6785:1351	105230188	105235268	1	18666
7f000001:986a	6785:1352	105307691	105319011	1	13562
7f000001:986a	6785:1353	105424935	105428789	1	5185
7f000001:986a	6785:1354	105472132	105476403	1	22078
7f000001:986a	6785:1355	105552091	105555071	1	19940
7f000001:986a	6785:1356	105595687	105630208	1	11586
7f000001:986a	6785:1357	105712314	105715484	1	61122
7f000001:986a	6785:1358	105763797	105827285	1	42290
7f000001:986a	6785:1359	105871534	105887091	1	17794
7f000001:986a	6785:1360	105970735	105976297	1	19794
7f000001:986a	6785:1361	106093778	106098138	1	19963
7f000001:986a	6785:1362	106170079	106197452	1	1933
7f000001:986a	6785:1363	106243107	106248615	1	4053
7f000001:986a	6785:1364	106309344	106314303	1	36967
7f000001:986a	6785:1365	106388019	106393381	1	8634
7f000001:986a	6785:1366	106427832	106459625	1	67632
7f000001:986a	6785:1367	106580227	106583758	1	4201
7f000001:986a	6785:1368	106661807	106666708	1	23114
7f000001:986a	6785:1369	106722626	106733640	1	28905
7f000001:986a	6785:1370	106808634	106814537	1	80886
7f000001:986a	6785:1371	106888639	106954990	2	20725
7f000001:986a	6785:1372	106951347	107026707	2	87425
7f000001:986a	6785:1373	107004754	107089835	3	131193
7f000001:986a	6785:1374	107032502	107230526	3	61262
7f000001:986a	6785:1375	107088982	107296449	2	54228
7f000001:986a	6785:1376	107223967	107397005	3	64063
7f000001:986a	6785:1377	107307389	107444322	2	52434
7f000001:986a	6785:1378	107382653	107527509	2	65863
7f000001:986a	6785:1379	107467926	107609341	3	142371
7f000001:986a	6785:1380	107539315	107697494	3	106877
7f000001:986a	6785:1381	107598022	107782623	3	85275
7f000001:986a	6785:1382	107693155	107918789	3	24131
7f000001:986a	6785:1383	107759419	107978697	2	20485
7f000001:986a	6785:1384	107872397	108046274	2	22332
7f000001:986a	6785:1385	107996796	108110447	2	11398
7f000001:986a	6785:1386	108083535	108216649	2	105033
7f000001:986a	6785:1387	108174643	108257527	1	98234
7f000001:986a	6785:1388	108263210	108369156	1	4639
7f000001:986a	6785:1389	108430764	108435584	1	22533
7f000001:986a	6785:1390	108492297	108513581	1	15881
7f000001:986a	6785:1391	108586369	108590822	1	11186
7f000001:986a	6785:1392	108769304	108773442	1	1444
7f000001:986a	6785:1393	108832950	108836321	1	14764
7f000001:986a	6785:1394	108942058	108946354	1	1213
7f000001:986a	6785:1395	109015516	109021851	1	9770
7f000001:986a	6785:1396	109074023	109088407	1	17835
7f000001:986a	6785:1397	109101023	109154882	1	11351
7f000001:986a	6785:1398	109188033	109224227	1	15409
7f000001:986a	6785:1399	109243894	109308865	1	18760
7f000001:986a	6785:1400	109319858	109363627	1	12121
7f000001:986a	6785:1401	109424560	109433003	1	23790
7f000001:986a	6785:1402	109523788	109528451	1	15698
7f000001:986a	6785:1403	109616192	109619840	1	6713
7f000001:986a	6785:1404	109715686	109719246	1	21811
7f000001:986a	6785:1405	109850194	109854653	1	5872
7f000001:986a	6785:1406	109916499	109920230	1	14598
7f000001:986a	6785:1407	109976559	109991311	1	4485
7f000001:986a	6785:1408	110063773	110072146	1	36005
7f000001:986a	6785:1409	110165729	110169779	1	10035
7f000001:986a	6785:1410	110286434	110294902	1	2189
7f000001:986a	6785:1411	110357939	110361432	1	21378
7f000001:986a	6785:1412	110452110	110455906	1	3206
7f000001:986a	6785:1413	110476377	110514365	1	11976
7f000001:986a	6785:1414	110524742	110582636	2	54343
7f000001:986a	6785:1415	110553548	110636039	2	74570
7f000001:986a	6785:1416	110617633	110689976	1	41302
7f000001:986a	6785:1417	110697686	110788453	2	42084
7f000001:986a	6785:1418	110767855	110869787	2	7999
7f000001:986a	6785:1419	110829408	110930402	1	3676
7f000001:986a	6785:1420	110936588	110989538	1	1991
7f000001:986a	6785:1421	111010894	111048420	1	1458
7f000001:986a	6785:1422	111062642	111112782	1	2222
7f000001:986a	6785:1423	111126895	111172088	1	4476
7f000001:986a	6785:1424	111404764	111411636	1	102942
7f000001:986a	6785:1425	111467432	111571219	2	45299
7f000001:986a	6785:1426	111532694	111632561	2	40806
7f000001:986a	6785:1427	111627189	111680014	1	31370
7f000001:986a	6785:1428	111694604	111760733	2	22049
7f000001:986a	6785:1429	111748529	111812357	1	4703
7f000001:986a	6785:1430	111818323	111874688	2	15396
7f000001:986a	6785:1431	111873907	111939813	2	23165
7f000001:986a	6785:1432	111936786	111996219	1	14940
7f000001:986a	6785:1433	112003711	112052328	1	17908
7f000001:986a	6785:1434	112086091	112088542	1	7701
7f000001:986a	6785:1435	112165856	112170274	1	17303
7f000001:986a	6785:1436	112241839	112245785	1	4013
7f000001:986a	6785:1437	112294811	112299123	1	551
7f000001:986a	6785:1438	112318113	112356049	2	55817
7f000001:986a	6785:1439	112354738	112461555	2	39764
7f000001:986a	6785:1440	112437571	112524238	3	50872
7f000001:986a	6785:1441	112468890	112616884	2	16255
7f000001:986a	6785:1442	112523840	112672672	2	41692
7f000001:986a	6785:1443	112626648	112743785	2	26644
7f000001:986a	6785:1444	112691557	112815906	1	952
7f000001:986a	6785:1445	112818163	112843537	1	8985
7f000001:986a	6785:1446	112875444	112896482	1	61113
7f000001:986a	6785:1447	112971985	112989775	1	14777
7f000001:986a	6785:1448	113026075	113030207	1	43242
7f000001:986a	6785:1449	113087110	113090348	1	4457
7f000001:986a	6785:1450	113153661	113165662	1	41329
7f000001:986a	6785:1451	113251222	113254651	1	19292
7f000001:986a	6785:1452	113316710	113320214	1	11178
7f000001:986a	6785:1453	113374793	113378200	1	8376
7f000001:986a	6785:1454	113434456	113443545	1	41406
7f000001:986a	6785:1455	113515125	113516709	1	6119
7f000001:986a	6785:1456	113607332	113612415	1	19864
7f000001:986a	6785:1457	113673498	113677226	1	45214
7f000001:986a	6785:1458	113737106	113740969	1	1680
7f000001:986a	6785:1459	113825530	113830632	1	7447
7f000001:986a	6785:1460	113893430	113899203	1	16049
7f000001:986a	6785:1461	113956850	113961684	1	12884
7f000001:986a	6785:1462	114027406	114030872	1	9301
7f000001:986a	6785:1463	114253755	114257869	1	82500
7f000001:986a	6785:1464	114319888	114380212	1	2356
7f000001:986a	6785:1465	114387798	114433409	1	12373
7f000001:986a	6785:1466	114545720	114549901	1	65623
7f000001:986a	6785:1467	114584407	114651129	2	26724
7f000001:986a	6785:1468	114620911	114707408	2	52808
7f000001:986a	6785:1469	114659782	114791381	3	94270
7f000001:986a	6785:1470	114715256	114873696	3	73925
7f000001:986a	6785:1471	114771330	114956304	3	42215
7f000001:986a	6785:1472	114852767	114982868	2	35171
7f000001:986a	6785:1473	114916360	115037437	2	62004
7f000001:986a	6785:1474	114986667	115123138	3	74036
7f000001:986a	6785:1475	115053329	115211124	2	40654
7f000001:986a	6785:1476	115122469	115282721	2	67815
7f000001:986a	6785:1477	115271923	115364750	2	104492
7f000001:986a	6785:1478	115336379	115460197	2	73331
7f000001:986a	6785:1479	115418383	115553913	2	10072
7f000001:986a	6785:1480	115469721	115573842	2	1852
7f000001:986a	6785:1481	115556272	115618202	1	1129
7f000001:986a	6785:1482	115747317	115751047	1	49296
7f000001:986a	6785:1483	115811459	115858485	1	9837
7f000001:986a	6785:1484	115897745	115900901	1	12945
7f000001:986a	6785:1485	115952756	115957622	1	5526
7f000001:986a	6785:1486	116005062	116017875	1	2805
7f000001:986a	6785:1487	116089279	116092016	1	165
7f000001:986a	6785:1488	116164673	116168238	1	26256
7f000001:986a	6785:1489	116247182	116250613	1	29397
7f000001:986a	6785:1490	116327411	116331635	1	36784
7f000001:986a	6785:1491	116361530	116424648	2	52211
7f000001:986a	6785:1492	116402329	116494593	3	48841
7f000001:986a	6785:1493	116468050	116538032	2	43899
7f000001:986a	6785:1494	116487152	116621425	2	25378
7f000001:986a	6785:1495	116547912	116650182	2	53989
7f000001:986a	6785:1496	116630883	116704876	1	48275
7f000001:986a	6785:1497	116707292	116809940	2	31690
7f000001:986a	6785:1498	116809381	116887818	2	22728
7f000001:986a	6785:1499	116866787	116943599	1	12576
7f000001:986a	6785:1500	116983939	117005823	1	3866
7f000001:986a	6785:1501	117042630	117059176	1	7196
7f000001:986a	6785:1502	117110833	117122426	1	5662
7f000001:986a	6785:1503	117187088	117197582	1	25236
7f000001:986a	6785:1504	117345448	117349493	1	1659
7f000001:986a	6785:1505	117432826	117436825	1	14680
7f000001:986a	6785:1506	117517560	117521623	1	27248
7f000001:986a	6785:1507	117580344	117584195	1	14121
7f000001:986a	6785:1508	117721521	117725460	1	4460
7f000001:986a	6785:1509	117763533	117767476	1	3042
7f000001:986a	6785:1510	117875230	117879154	1	6695
7f000001:986a	6785:1511	117943958	117947712	1	13358
7f000001:986a	6785:1512	118011731	118016678	1	23625
7f000001:986a	6785:1513	118082337	118085551	1	415
7f000001:986a	6785:1514	118138101	118142426	1	4324
7f000001:986a	6785:1515	118225831	118229266	1	67524
7f000001:986a	6785:1516	118275682	118339266	1	4351
7f000001:986a	6785:1517	118345477	118360905	1	22599
7f000001:986a	6785:1518	118407884	118412312	1	17276
7f000001:986a	6785:1519	118479434	118483879	1	10880
7f000001:986a	6785:1520	118536252	118549234	1	42528
7f000001:986a	6785:1521	118676191	118680190	1	17290
7f000001:986a	6785:1522	118725231	118729351	1	9100
7f000001:986a	6785:1523	118760348	118793852	1	17716
7f000001:986a	6785:1524	118811888	118851803	1	6960
7f000001:986a	6785:1525	118881123	118889072	1	9928
7f000001:986a	6785:1526	118972098	118975478	1	2520
7f000001:986a	6785:1527	119087572	119091090	1	29697
7f000001:986a	6785:1528	119160489	119164304	1	508
7f000001:986a	6785:1529	119257156	119260266	1	46599
7f000001:986a	6785:1530	119283381	119314487	1	6606
7f000001:986a	6785:1531	119401744	119406276	1	17823
7f000001:986a	6785:1532	119478883	119481134	1	2936
7f000001:986a	6785:1533	119547856	119551822	1	50257
7f000001:986a	6785:1534	119640631	119657912	1	21611
7f000001:986a	6785:1535	119701692	119736639	1	9338
7f000001:986a	6785:1536	119782917	119791226	1	6520
7f000001:986a	6785:1537	119932778	119937970	1	3631
7f000001:986a	6785:1538	120017230	120021696	1	753
7f000001:986a	6785:1539	120113040	120116490	1	4696
7f000001:986a	6785:1540	120168021	120172839	1	13171
7f000001:986a	6785:1541	120240122	120243754	1	48009
7f000001:986a	6785:1542	120322445	120347597	1	13044
7f000001:986a	6785:1543	120419350	120423453	1	10630
7f000001:986a	6785:1544	120496186	120499344	1	12955
7f000001:986a	6785:1545	120530534	120566208	1	25733
7f000001:986a	6785:1546	120626207	120629141	1	4055
7f000001:986a	6785:1547	120681596	120685102	1	5357
7f000001:986a	6785:1548	120711972	120737576	2	18084
7f000001:986a	6785:1549	120733565	120810432	3	44778
7f000001:986a	6785:1550	120766260	120866523	3	52989
7f000001:986a	6785:1551	120802884	120934875	2	39424
7f000001:986a	6785:1552	120860532	121019825	2	19630
7f000001:986a	6785:1553	120996699	121083711	2	34923
7f000001:986a	6785:1554	121042250	121149984	3	55328
7f000001:986a	6785:1555	121094419	121218110	2	31110
7f000001:986a	6785:1556	121136279	121308739	2	35850
7f000001:986a	6785:1557	121223868	121365377	2	38481
7f000001:986a	6785:1558	121318250	121453331	3	26741
7f000001:986a	6785:1559	121383285	121517511	2	19029
7f000001:986a	6785:1560	121442808	121578371	2	30562
7f000001:986a	6785:1561	121555278	121649260	2	21814
7f000001:986a	6785:1562	121648640	121690638	1	5625
7f000001:986a	6785:1563	121752425	121755628	1	326
7f000001:986a	6785:1564	121821420	121824472	1	57589
7f000001:986a	6785:1565	121876030	121937845	1	1379
7f000001:986a	6785:1566	121944032	122005806	1	12304
7f000001:986a	6785:1567	122024328	122076082	1	4640
7f000001:986a	6785:1568	122131153	122136800	1	31932
7f000001:986a	6785:1569	122218758	122227880	1	4878
7f000001:986a	6785:1570	122301631	122306323	1	5629
7f000001:986a	6785:1571	122404783	122409892	1	23040
7f000001:986a	6785:1572	122480907	122484024	1	17421
7f000001:986a	6785:1573	122560013	122568566	1	3803
7f000001:986a	6785:1574	122638097	122643683	1	21985
7f000001:986a	6785:1575	122688151	122691568	1	23964
7f000001:986a	6785:1576	122749955	122771813	1	7492
7f000001:986a	6785:1577	122817950	122821417	1	41688
7f000001:986a	6785:1578	122909241	122913126	1	880
7f000001:986a	6785:1579	122995914	122999325	1	9665
7f000001:986a	6785:1580	123165009	123169343	1	57344
7f000001:986a	6785:1581	123214101	123286601	1	11006
7f000001:986a	6785:1582	123292554	123354490	1	7101
7f000001:986a	6785:1583	123379531	123419413	1	5022
7f000001:986a	6785:1584	123442619	123464873	1	5803
7f000001:986a	6785:1585	123517867	123522607	1	18117
7f000001:986a	6785:1586	123592879	123596462	1	9652
7f000001:986a	6785:1587	123621910	123662647	1	68174
7f000001:986a	6785:1588	123727320	123768982	1	27653
7f000001:986a	6785:1589	123775562	123854343	2	54894
7f000001:986a	6785:1590	123850406	123931813	2	32822
7f000001:986a	6785:1591	123919770	124002424	1	18100
7f000001:986a	6785:1592	124027719	124072025	1	33994
7f000001:986a	6785:1593	124102430	124156376	1	9922
7f000001:986a	6785:1594	124218041	124225327	1	9017
7f000001:986a	6785:1595	124317640	124320297	1	37574
7f000001:986a	6785:1596	124390820	124413252	1	5077
7f000001:986a	6785:1597	124455422	124474226	1	24668
7f000001:986a	6785:1598	124526235	124530195	1	46206
7f000001:986a	6785:1599	124640065	124644104	1	19318
7f000001:986a	6785:1600	124689039	124693441	1	9219
7f000001:986a	6785:1601	124753680	124758144	1	20988
7f000001:986a	6785:1602	124843250	124849133	1	13662
7f000001:986a	6785:1603	124883747	124887515	1	25211
7f000001:986a	6785:1604	124948544	124953139	1	28284
7f000001:986a	6785:1605	125029946	125033382	1	21579
7f000001:986a	6785:1606	125098271	125103179	1	3166
7f000001:986a	6785:1607	125167533	125171917	1	2362
7f000001:986a	6785:1608	125288216	125292831	1	25938
7f000001:986a	6785:1609	125368280	125372277	1	34746
7f000001:986a	6785:1610	125428677	125432045	1	6482
7f000001:986a	6785:1611	125504192	125507431	1	10071
7f000001:986a	6785:1612	125579914	125583515	1	56836
7f000001:986a	6785:1613	125631024	125692140	1	488
7f000001:986a	6785:1614	125710996	125716784	1	715
7f000001:986a	6785:1615	125773193	125775009	1	106335
7f000001:986a	6785:1616	125835831	125938908	2	42535
7f000001:986a	6785:1617	125924814	126036022	2	9474
7f000001:986a	6785:1618	125994732	126097419	1	6068
7f000001:986a	6785:1619	126109656	126163265	1	18210
7f000001:986a	6785:1620	126165311	126242371	2	19189
7f000001:986a	6785:1621	126227480	126310796	1	7033
7f000001:986a	6785:1622	126315747	126365394	2	31075
7f000001:986a	6785:1623	126363731	126439002	3	72919
7f000001:986a	6785:1624	126380725	126512938	3	57498
7f000001:986a	6785:1625	126430998	126579853	2	9247
7f000001:986a	6785:1626	126495631	126644280	3	59940
7f000001:986a	6785:1627	126589132	126675931	2	58686
7f000001:986a	6785:1628	126643458	126708921	2	72650
7f000001:986a	6785:1629	126700444	126802064	1	37279
7f000001:986a	6785:1630	126811189	126876452	1	8798
7f000001:986a	6785:1631	126922865	126927706	1	6267
7f000001:986a	6785:1632	126940509	126955217	1	13271
7f000001:986a	6785:1633	127014146	127018374	1	16794
7f000001:986a	6785:1634	127097035	127100797	1	7098
7f000001:986a	6785:1635	127141741	127156142	1	28988
7f000001:986a	6785:1636	127243264	127247841	1	11019
7f000001:986a	6785:1637	127309130	127314937	1	8805
7f000001:986a	6785:1638	127444057	127447815	1	12686
7f000001:986a	6785:1639	127574323	127578300	1	3890
7f000001:986a	6785:1640	127643286	127647267	1	7459
7f000001:986a	6785:1641	127694250	127710459	1	16758
7f000001:986a	6785:1642	127765459	127768401	1	5261
7f000001:986a	6785:1643	127830797	127834023	1	9387
7f000001:986a	6785:1644	127893163	127898220	1	68933
7f000001:986a	6785:1645	127919661	128021419	2	53112
7f000001:986a	6785:1646	127983706	128127703	3	36047
7f000001:986a	6785:1647	128048284	128156983	2	34818
7f000001:986a	6785:1648	128123090	128230324	2	26234
7f000001:986a	6785:1649	128171765	128284429	1	6886
7f000001:986a	6785:1650	128297803	128343180	1	6367
7f000001:986a	6785:1651	128351927	128404379	1	22351
7f000001:986a	6785:1652	128446356	128458491	1	2519
7f000001:986a	6785:1653	128487778	128490852	1	20054
7f000001:986a	6785:1654	128569533	128572538	1	60224
7f000001:986a	6785:1655	128641233	128691967	1	68972
7f000001:986a	6785:1656	128707709	128816186	2	27711
7f000001:986a	6785:1657	128771760	128877828	2	51450
7f000001:986a	6785:1658	128852606	128953105	2	50075
7f000001:986a	6785:1659	128905514	129040596	2	23922
7f000001:986a	6785:1660	128971677	129071353	2	6929
7f000001:986a	6785:1661	129041622	129131007	2	27764
7f000001:986a	6785:1662	129116021	129167353	1	26020
7f000001:986a	6785:1663	129186416	129219814	1	35744
7f000001:986a	6785:1664	129248262	129312433	2	32303
7f000001:986a	6785:1665	129303039	129366778	2	10174
7f000001:986a	6785:1666	129320134	129429261	1	3979
7f000001:986a	6785:1667	129463367	129487931	1	23937
7f000001:986a	6785:1668	129528798	129565721	1	69077
7f000001:986a	6785:1669	129596339	129690032	1	43591
7f000001:986a	6785:1670	129696710	129784025	2	7034
7f000001:986a	6785:1671	129780506	129844076	1	3998
7f000001:986a	6785:1672	129861355	129900990	1	9909
7f000001:986a	6785:1673	129924491	129966010	1	88
7f000001:986a	6785:1674	129984032	130021426	1	34770
7f000001:986a	6785:1675	130053951	130106047	2	59931
7f000001:986a	6785:1676	130099141	130218294	2	11484
7f000001:986a	6785:1677	130122392	130278338	2	29163
7f000001:986a	6785:1678	130223966	130343343	2	25841
7f000001:986a	6785:1679	130288600	130415286	2	12054
7f000001:986a	6785:1680	130359628	130478838	2	16535
7f000001:986a	6785:1681	130438123	130542304	2	20630
7f000001:986a	6785:1682	130483086	130608120	3	51528
7f000001:986a	6785:1683	130543560	130675780	2	40385
7f000001:986a	6785:1684	130600986	130751278	2	17993
7f000001:986a	6785:1685	130690459	130797225	2	22167
7f000001:986a	6785:1686	130772711	130821227	1	14610
7f000001:986a	6785:1687	130830934	130848733	1	88
7f000001:986a	6785:1688	130920051	130923040	1	7459
7f000001:986a	6785:1689	130981585	130985165	1	1910
7f000001:986a	6785:1690	131046638	131049989	1	19426
7f000001:986a	6785:1691	131103576	131122216	1	4168
7f000001:986a	6785:1692	131164263	131166060	1	1187
7f000001:986a	6785:1693	131239490	131243537	1	20499
7f000001:986a	6785:1694	131326066	131328680	1	24206
7f000001:986a	6785:1695	131440605	131444192	1	1687
7f000001:986a	6785:1696	131695691	131699924	1	8631
7f000001:986a	6785:1697	131756670	131761260	1	12940
7f000001:986a	6785:1698	131841708	131845380	1	15282
7f000001:986a	6785:1699	131885121	131888586	1	3804
7f000001:986a	6785:1700	131995202	132000168	1	49519
7f000001:986a	6785:1701	132066721	132107432	1	13399
7f000001:986a	6785:1702	132114166	132154301	1	82483
7f000001:986a	6785:1703	132164583	132294551	2	22335
7f000001:986a	6785:1704	132228666	132358145	2	25191
7f000001:986a	6785:1705	132302644	132429196	2	23850
7f000001:986a	6785:1706	132366758	132481408	2	56803
7f000001:986a	6785:1707	132451394	132550296	2	47412
7f000001:986a	6785:1708	132530454	132602179	1	3193
7f000001:986a	6785:1709	132610764	132661667	1	5212
7f000001:986a	6785:1710	132702093	132706345	1	10026
7f000001:986a	6785:1711	132750721	132771085	1	37729
7f000001:986a	6785:1712	132849267	132862763	1	29308
7f000001:986a	6785:1713	132911491	132917886	1	14782
7f000001:986a	6785:1714	132965952	132971122	1	17231
7f000001:986a	6785:1715	133056699	133061323	1	5596
7f000001:986a	6785:1716	133141677	133145529	1	4056
7f000001:986a	6785:1717	133217332	133220741	1	52530
7f000001:986a	6785:1718	133246062	133308267	1	5100
7f000001:986a	6785:1719	133317200	133369500	1	12418
7f000001:986a	6785:1720	133405781	133409816	1	24441
7f000001:986a	6785:1721	133495136	133498329	1	37892
7f000001:986a	6785:1722	133562076	133565877	1	14352
7f000001:986a	6785:1723	133640098	133644342	1	23881
7f000001:986a	6785:1724	133730209	133734490	1	6339
7f000001:986a	6785:1725	133861413	133865728	1	14230
7f000001:986a	6785:1726	133954269	133960725	1	5405
7f000001:986a	6785:1727	133981488	134020106	1	10576
7f000001:986a	6785:1728	134024621	134090346	1	22932
7f000001:986a	6785:1729	134130260	134164996	2	27217
7f000001:986a	6785:1730	134164028	134216010	2	47806
7f000001:986a	6785:1731	134212231	134294089	1	27984
7f000001:986a	6785:1732	134321250	134344113	1	6726
7f000001:986a	6785:1733	134377823	134407694	1	78103
7f000001:986a	6785:1734	134454266	134542809	2	66092
7f000001:986a	6785:1735	134522490	134661512	2	13597
7f000001:986a	6785:1736	134610298	134723287	2	43576
7f000001:986a	6785:1737	134678898	134797302	2	70483
7f000001:986a	6785:1738	134791859	134853939	1	35086
7f000001:986a	6785:1739	134871562	134932700	1	14161
7f000001:986a	6785:1740	134937044	134962371	1	12070
7f000001:986a	6785:1741	135010022	135015534	1	28923
7f000001:986a	6785:1742	135100939	135104250	1	9368
7f000001:986a	6785:1743	135169662	135175206	1	23801
7f000001:986a	6785:1744	135234069	135238608	1	2294
7f000001:986a	6785:1745	135273905	135280102	1	7598
7f000001:986a	6785:1746	135363410	135379444	1	16335
7f000001:986a	6785:1747	135425987	135437050	1	15955
7f000001:986a	6785:1748	135519148	135522174	1	27741
7f000001:986a	6785:1749	135582570	135586290	1	8751
7f000001:986a	6785:1750	135656339	135659713	1	71482
7f000001:986a	6785:1751	135721617	135766898	2	31611
7f000001:986a	6785:1752	135765478	135784978	1	22707
7f000001:986a	6785:1753	135825781	135829404	1	3377
7f000001:986a	6785:1754	135908497	135912134	1	25148
7f000001:986a	6785:1755	135989388	135994093	1	18541
7f000001:986a	6785:1756	136039965	136048461	1	22745
7f000001:986a	6785:1757	136115504	136118805	1	39135
7f000001:986a	6785:1758	136165998	136215818	1	15707
7f000001:986a	6785:1759	136254619	136283590	1	2321
7f000001:986a	6785:1760	136343914	136346919	1	16392
7f000001:986a	6785:1761	136404280	136419379	1	9875
7f000001:986a	6785:1762	136442480	136488019	1	13664
7f000001:986a	6785:1763	136575037	136579049	1	65021
7f000001:986a	6785:1764	136594230	136653559	2	71506
7f000001:986a	6785:1765	136643681	136722767	2	106444
7f000001:986a	6785:1766	136718614	136837365	2	75197
7f000001:986a	6785:1767	136797725	136926489	2	41289
7f000001:986a	6785:1768	136858153	136987945	2	15610
7f000001:986a	6785:1769	136963705	137012990	1	1925
7f000001:986a	6785:1770	137021275	137059379	1	16724
7f000001:986a	6785:1771	137100336	137132423	1	9557
7f000001:986a	6785:1772	137168778	137171693	1	1341
7f000001:986a	6785:1773	137234002	137237929	1	7112
7f000001:986a	6785:1774	137319425	137330183	1	31507
7f000001:986a	6785:1775	137392567	137396182	1	6059
7f000001:986a	6785:1776	137465382	137469569	1	35986
7f000001:986a	6785:1777	137529240	137563072	1	12697
7f000001:986a	6785:1778	137563507	137625460	1	17851
7f000001:986a	6785:1779	137639580	137673125	1	17104
7f000001:986a	6785:1780	137703057	137708196	1	27483
7f000001:986a	6785:1781	137781869	137786433	1	13867
7f000001:986a	6785:1782	137864577	137868804	1	35282
7f000001:986a	6785:1783	137918591	137929715	1	5501
7f000001:986a	6785:1784	137988130	137991487	1	3308
7f000001:986a	6785:1785	138058293	138061619	1	15329
7f000001:986a	6785:1786	138140779	138146675	1	575
7f000001:986a	6785:1787	138269494	138276329	1	67109
7f000001:986a	6785:1788	138319292	138401525	2	27565
7f000001:986a	6785:1789	138384319	138448799	1	24225
7f000001:986a	6785:1790	138525593	138531662	1	22372
7f000001:986a	6785:1791	138646640	138651094	1	7115
7f000001:986a	6785:1792	138721553	138724740	1	19071
7f000001:986a	6785:1793	138807165	138812753	1	36338
7f000001:986a	6785:1794	138843328	138897464	2	10618
7f000001:986a	6785:1795	138868181	138930307	1	6139
7f000001:986a	6785:1796	138975769	138983110	1	54474
7f000001:986a	6785:1797	139030727	139095298	1	18425
7f000001:986a	6785:1798	139128560	139154409	1	262
7f000001:986a	6785:1799	139226248	139231749	1	1825
7f000001:986a	6785:1800	139246578	139292230	2	47037
7f000001:986a	6785:1801	139287466	139349131	1	43196
7f000001:986a	6785:1802	139353415	139448503	1	15436
7f000001:986a	6785:1803	139459734	139519733	1	7028
7f000001:986a	6785:1804	139551760	139581451	1	2424
7f000001:986a	6785:1805	139793897	139798887	1	20354
7f000001:986a	6785:1806	139898814	139903450	1	65454
7f000001:986a	6785:1807	140031584	140035739	1	6999
7f000001:986a	6785:1808	140090061	140090879	1	24574
7f000001:986a	6785:1809	140154107	140157897	1	30445
7f000001:986a	6785:1810	140241105	140244777	1	15751
7f000001:986a	6785:1811	140297520	140307558	1	38706
7f000001:986a	6785:1812	140367550	140402214	1	33275
7f000001:986a	6785:1813	140432133	140444082	1	5553
7f000001:986a	6785:1814	140528748	140532375	1	7136
7f000001:986a	6785:1815	140597552	140601572	1	90473
7f000001:986a	6785:1816	140672146	140756992	2	83506
7f000001:986a	6785:1817	140756585	140873599	2	48377
7f000001:986a	6785:1818	140833265	140939893	1	25716
7f000001:986a	6785:1819	140960781	141020805	1	4012
7f000001:986a	6785:1820	141052237	141079589	1	72095
7f000001:986a	6785:1821	141166307	141206398	1	19624
7f000001:986a	6785:1822	141288316	141292731	1	28401
7f000001:986a	6785:1823	141384113	141389648	1	14334
7f000001:986a	6785:1824	141461998	141465209	1	1093
7f000001:986a	6785:1825	141521187	141521781	1	9356
7f000001:986a	6785:1826	141590737	141596227	1	8296
7f000001:986a	6785:1827	141647912	141650807	1	1616
7f000001:986a	6785:1828	141709465	141713817	1	23223
7f000001:986a	6785:1829	141780686	141783819	1	72805
7f000001:986a	6785:1830	141963439	141967089	1	20985
7f000001:986a	6785:1831	142114957	142119110	1	12392
7f000001:986a	6785:1832	142162655	142169056	1	36245
7f000001:986a	6785:1833	142223626	142239409	1	1934
7f000001:986a	6785:1834	142305957	142310391	1	2422
7f000001:986a	6785:1835	142358642	142362126	1	10150
7f000001:986a	6785:1836	142388518	142428332	2	2421
7f000001:986a	6785:1837	142424800	142485984	1	440
7f000001:986a	6785:1838	142538573	142543026	1	57501
7f000001:986a	6785:1839	142616327	142656418	1	7662
7f000001:986a	6785:1840	142813650	142816874	1	35073
7f000001:986a	6785:1841	142887088	142891698	1	18078
7f000001:986a	6785:1842	142950397	142964982	1	50807
7f000001:986a	6785:1843	143027406	143030190	1	7611
7f000001:986a	6785:1844	143113252	143119127	1	98711
7f000001:986a	6785:1845	143165960	143247915	1	18078
7f000001:986a	6785:1846	143252795	143300546	1	5839
7f000001:986a	6785:1847	143312468	143362128	1	5612
7f000001:986a	6785:1848	143374087	143423152	2	25386
7f000001:986a	6785:1849	143400329	143483349	2	39882
7f000001:986a	6785:1850	143435904	143560318	2	29013
7f000001:986a	6785:1851	143493096	143612634	2	11618
7f000001:986a	6785:1852	143591993	143633820	1	1480
7f000001:986a	6785:1853	143640934	143643902	1	16318
7f000001:986a	6785:1854	143661778	143716122	1	61096
7f000001:986a	6785:1855	143785337	143832835	1	236
7f000001:986a	6785:1856	143886886	143891161	1	16783
7f000001:986a	6785:1857	143968584	143972676	1	58429
7f000001:986a	6785:1858	144047042	144086828	1	6555
7f000001:986a	6785:1859	144092517	144147554	1	2043
7f000001:986a	6785:1860	144167002	144203755	1	16102
7f000001:986a	6785:1861	144259131	144261087	1	49276
7f000001:986a	6785:1862	144356490	144361249	1	27649
7f000001:986a	6785:1863	144420200	144443667	1	45284
7f000001:986a	6785:1864	144559095	144563965	1	13722
7f000001:986a	6785:1865	144639384	144642974	1	5926
7f000001:986a	6785:1866	144697941	144704890	1	18052
7f000001:986a	6785:1867	144784937	144788155	1	33476
7f000001:986a	6785:1868	144834154	144860332	1	1527
7f000001:986a	6785:1869	144873465	144912288	1	22838
7f000001:986a	6785:1870	144912314	144990423	1	5654
7f000001:986a	6785:1871	144999670	145051797	1	32811
7f000001:986a	6785:1872	145093095	145139465	1	7113
7f000001:986a	6785:1873	145176415	145179468	1	7228
7f000001:986a	6785:1874	145240255	145242910	1	301
7f000001:986a	6785:1875	145315956	145320577	1	38079
7f000001:986a	6785:1876	145386119	145415759	1	1944
7f000001:986a	6785:1877	145491972	145495227	1	9371
7f000001:986a	6785:1878	145601677	145606008	1	51939
7f000001:986a	6785:1879	145630849	145712286	2	64871
7f000001:986a	6785:1880	145676593	145800296	3	72919
7f000001:986a	6785:1881	145719435	145882427	3	40609
7f000001:986a	6785:1882	145797708	145953868	2	25539
7f000001:986a	6785:1883	145868857	146022822	2	26494
7f000001:986a	6785:1884	145959455	146051887	1	24896
7f000001:986a	6785:1885	146057283	146087817	1	31975
7f000001:986a	6785:1886	146168193	146171188	1	11962
7f000001:986a	6785:1887	146260330	146263222	1	29613
7f000001:986a	6785:1888	146356314	146362918	1	8809
7f000001:986a	6785:1889	146399477	146408636	1	7956
7f000001:986a	6785:1890	146474606	146477535	1	12936
7f000001:986a	6785:1891	146539874	146544769	1	55990
7f000001:986a	6785:1892	146618764	146655792	1	58061
7f000001:986a	6785:1893	146664737	146764529	1	10572
7f000001:986a	6785:1894	146778956	146810292	1	17515
7f000001:986a	6785:1895	146817731	146882123	1	6923
7f000001:986a	6785:1896	146894911	146943452	1	5535
7f000001:986a	6785:1897	146983089	147002864	1	33312
7f000001:986a	6785:1898	147080873	147085563	1	3574
7f000001:986a	6785:1899	147184349	147187158	1	24836
7f000001:986a	6785:1900	147306576	147310297	1	20734
7f000001:986a	6785:1901	147355916	147365293	1	35912
7f000001:986a	6785:1902	147419284	147423341	1	2397
7f000001:986a	6785:1903	147500725	147503764	1	37285
7f000001:986a	6785:1904	147576324	147580611	1	22934
7f000001:986a	6785:1905	147642682	147647044	1	36710
7f000001:986a	6785:1906	147703696	147712274	1	8690
7f000001:986a	6785:1907	147785346	147789335	1	26004
7f000001:986a	6785:1908	147859818	147870067	1	1950
7f000001:986a	6785:1909	147922602	147925558	1	3683
7f000001:986a	6785:1910	148012579	148016084	1	8191
7f000001:986a	6785:1911	148073036	148077243	1	1587
7f000001:986a	6785:1912	148171916	148176044	1	6646
7f000001:986a	6785:1913	148284202	148287696	1	14577
7f000001:986a	6785:1914	148318117	148339356	1	29832
7f000001:986a	6785:1915	148352784	148424024	1	7775
7f000001:986a	6785:1916	148430041	148464584	1	26764
7f000001:986a	6785:1917	148484853	148547054	1	14509
7f000001:986a	6785:1918	148560337	148625628	2	36468
7f000001:986a	6785:1919	148597930	148692756	2	22985
7f000001:986a	6785:1920	148682797	148758559	2	33777
7f000001:986a	6785:1921	148742607	148830782	2	74776
7f000001:986a	6785:1922	148825432	148890976	2	60343
7f000001:986a	6785:1923	148857378	148973834	2	16734
7f000001:986a	6785:1924	148908117	149036869	2	37373
7f000001:986a	6785:1925	148975533	149107622	2	58259
7f000001:986a	6785:1926	149065198	149154898	1	33551
7f000001:986a	6785:1927	149166318	149248277	2	32005
7f000001:986a	6785:1928	149221338	149314435	1	22345
7f000001:986a	6785:1929	149342349	149369091	1	15633
7f000001:986a	6785:1930	149417412	149421764	1	2769
7f000001:986a	6785:1931	149530746	149534153	1	40527
7f000001:986a	6785:1932	149639285	149643750	1	415
7f000001:986a	6785:1933	149679808	149701939	1	25293
7f000001:986a	6785:1934	149768194	149784649	1	27329
7f000001:986a	6785:1935	149801970	149868132	2	9587
7f000001:986a	6785:1936	149866526	149930035	1	4412
7f000001:986a	6785:1937	149975562	149989005	1	3621
7f000001:986a	6785:1938	150035835	150047070	1	3548
7f000001:986a	6785:1939	150105690	150109371	1	3748
7f000001:986a	6785:1940	150164915	150170534	1	24217
7f000001:986a	6785:1941	150279536	150283279	1	11487
7f000001:986a	6785:1942	150355658	150359508	1	21920
7f000001:986a	6785:1943	150432168	150436430	1	18891
7f000001:986a	6785:1944	150501792	150505615	1	25505
7f000001:986a	6785:1945	150561883	150565029	1	30877
7f000001:986a	6785:1946	150657916	150660734	1	362
7f000001:986a	6785:1947	150745733	150750073	1	25243
7f000001:986a	6785:1948	150806958	150809821	1	790
7f000001:986a	6785:1949	150878718	150882691	1	34477
7f000001:986a	6785:1950	150950347	150972813	2	14078
7f000001:986a	6785:1951	150969884	151042131	1	1297
7f000001:986a	6785:1952	151058233	151061358	1	42598
7f000001:986a	6785:1953	151121069	151155481	1	33025
7f000001:986a	6785:1954	151166015	151244687	1	17263
7f000001:986a	6785:1955	151333532	151337341	1	22505
7f000001:986a	6785:1956	151388850	151411822	1	39224
7f000001:986a	6785:1957	151417314	151505272	3	125492
7f000001:986a	6785:1958	151447544	151591133	3	110177
7f000001:986a	6785:1959	151490650	151701355	5	96718
7f000001:986a	6785:1960	151560859	151769593	5	78116
7f000001:986a	6785:1961	151641619	151840946	5	64414
7f000001:986a	6785:1962	151686139	151909405	5	63813
7f000001:986a	6785:1963	151700400	151971020	5	88435
7f000001:986a	6785:1964	151755072	152046416	5	80107
7f000001:986a	6785:1965	151827634	152123489	5	69490
7f000001:986a	6785:1966	151886152	152156943	4	66767
7f000001:986a	6785:1967	151948076	152226486	3	53384
7f000001:986a	6785:1968	152017300	152312341	4	45533
7f000001:986a	6785:1969	152100672	152377101	4	39165
7f000001:986a	6785:1970	152273637	152441555	4	97848
7f000001:986a	6785:1971	152302366	152513387	4	93334
7f000001:986a	6785:1972	152365081	152567242	3	86848
7f000001:986a	6785:1973	152421932	152599187	3	113211
7f000001:986a	6785:1974	152482774	152724342	4	76276
7f000001:986a	6785:1975	152587211	152778004	3	63233
7f000001:986a	6785:1976	152645284	152865302	4	49433
7f000001:986a	6785:1977	152723239	152934702	4	58553
7f000001:986a	6785:1978	152791155	153010769	4	46207
7f000001:986a	6785:1979	152849005	153060940	4	43882
7f000001:986a	6785:1980	152880954	153084303	4	56129
7f000001:986a	6785:1981	152945472	153157696	3	33826
7f000001:986a	6785:1982	153015045	153220190	3	50567
7f000001:986a	6785:1983	153071341	153287002	2	38663
7f000001:986a	6785:1984	153164191	153328851	2	63491
7f000001:986a	6785:1985	153288824	153407828	2	40493
7f000001:986a	6785:1986	153355204	153501634	3	30922
7f000001:986a	6785:1987	153412997	153557668	2	30315
7f000001:986a	6785:1988	153477612	153638550	2	13833
7f000001:986a	6785:1989	153573480	153698286	2	23800
7f000001:986a	6785:1990	153643210	153761928	3	52622
7f000001:986a	6785:1991	153706000	153831561	3	69294
7f000001:986a	6785:1992	153761524	153912370	2	42985
7f000001:986a	6785:1993	153830209	153979742	2	48925
7f000001:986a	6785:1994	153951881	154066687	2	19848
7f000001:986a	6785:1995	154055864	154121647	3	17099
7f000001:986a	6785:1996	154079045	154154353	2	14738
7f000001:986a	6785:1997	154111030	154214725	2	24170
7f000001:986a	6785:1998	154174134	154279456	1	13447
7f000001:986a	6785:1999	154301323	154348268	1	13766
